keyword,language,topic,topicColor,keywordColor,limitPages,ratioNew
'Putin',de,Krieg,#8d8d8d,#8d8d8d,3,0.4035880341399752
'Russland',de,Krieg,#b7b7b7,#8d8d8d,3,0.3532290066290193
'Bedrohung',de,Angst,#ffa400,#f59e09,3,0.2911392561735272
'Ukraine',de,Krieg,#8c8c8c,#8d8d8d,3,0.2907683735187922
'Kämpfe',de,Krieg,#363636,#8d8d8d,3,0.2879176339115866
'Krieg',de,Krieg,#616161,#8d8d8d,3,0.2657195109564577
'Inflation',de,Wohlstand,#cc0018,#cc0018,3,0.2652702339718504
'Windkraft',de,Energie,#20950f,#29c014,3,0.2629771428545294
'Solar',de,Energie,#32ea18,#29c014,3,0.218789730876197
'Gas',de,Energie,#29c014,#29c014,3,0.2162885640505254
'Risiko',de,Angst,#aa6d00,#9f6805,3,0.2144852736973725
'Angst',de,Angst,#ca8307,#f59e09,3,0.2104567075651769
'Energiekosten',de,Energie,#0e3f07,#29c014,3,0.1952501399599141
'Armut',de,Wohlstand,#f6001d,#cc0018,3,0.1880534448781708
'Energie sparen',de,Energie,#176a0b,#29c014,3,0.128410926109554
'Gefährdung',de,Angst,#754c04,#f59e09,3,0.1111273848465016
'Geld sparen',de,Wohlstand,#f5001d,#cc0018,3,0.1041034804968486
'Hohe Kosten',de,Wohlstand,#76000e,#cc0018,3,0.07070068683645525
'Existenzängste',de,Angst,#f59e09,#f59e09,1,0.0616138596465908
'Wohlstandsgefährdung',de,Wohlstand,#a00013,#cc0018,1,0.0006795274445511
