index,url,valid,domain,title,description,image,published,archive,content,quote,language,keyword
https://www.focus.de/politik/ausland/russland-und-nordkorea-bauen-ihre-verbindung-aus-eine-neue-bruecke-an-der-grenze-naehrt-zweifel-dass-es-vor-allem-um-militaertransporte-geht_9fe2ade0-09fa-4334-9d14-391350f421c2.html,https://www.focus.de/politik/ausland/russland-und-nordkorea-bauen-ihre-verbindung-aus-eine-neue-bruecke-an-der-grenze-naehrt-zweifel-dass-es-vor-allem-um-militaertransporte-geht_9fe2ade0-09fa-4334-9d14-391350f421c2.html,0,www.focus.de,"Russland und Nordkorea bauen ihre Verbindung aus. Eine neue Brücke an der Grenze nährt Zweifel, dass es vor allem um Militärtransporte geht","Russland und Nordkorea bauen ihre Verbindung aus. Eine neue Brücke an der Grenze nährt Zweifel, dass es vor allem um Militärtransporte geht.","https://quadro.burda-forward.de/ctf/1ddcae1e-69e7-43b1-8247-af92ab6a4152.f3fa1822-8585-49c8-b4f4-f293401f1cac.png?im=RegionOfInterestCrop=(1200,630),regionOfInterest=(930,594)&hash=8868462fd76254f6f87287f234fe4c0d2426287e9d8ef7395148c96e644c0980",2026-08-01T05:40:00Z,,Russland und Nordkorea stehen laut dem britischen Guardian kurz vor der Fertigstellung ihrer ersten direkten Straßenverbindung. Die neue Brücke führt über den Tumen-Fluss zwischen dem russischen Khas… [+2329 chars],,de,'Putin'
https://www.focus.de/politik/ausland/russlands-praesident-putin-behauptet-die-ukraine-werde-ihre-westlichen-gebiete-langfristig-verlieren-und-nennt-polen_afb70ee2-2d5b-4b5a-9c9c-9875cb056bb0.html,https://www.focus.de/politik/ausland/russlands-praesident-putin-behauptet-die-ukraine-werde-ihre-westlichen-gebiete-langfristig-verlieren-und-nennt-polen_afb70ee2-2d5b-4b5a-9c9c-9875cb056bb0.html,0,www.focus.de,"Russlands Präsident Putin behauptet, die Ukraine werde ihre westlichen Gebiete langfristig verlieren – und nennt Polen","Russlands Präsident behauptet, die Ukraine werde ihre westlichen Gebiete langfristig verlieren. Zugleich wiederholt er bekannte Rechtfertigungen für den russischen Angriffskrieg.","https://quadro.burda-forward.de/ctf/7bea5697-451d-400c-80c1-d3835ffa7a3f.0528f2ae-cfd2-4e0a-960b-9c6b149af9b3.jpg?im=RegionOfInterestCrop=(1200,630),regionOfInterest=(2782,1197)&hash=bd1726fa34c52c9178cbfcc20fe7fad7e1cca3180cc147e5de777b71af75d215",2026-08-01T05:43:00Z,,"Russlands Präsident Wladimir Putin hat erneut mit Aussagen über die Zukunft der Ukraine für Aufmerksamkeit gesorgt. Bei einem Treffen mit Soldaten der russischen Marine erklärte er, die Ukraine werde… [+2228 chars]",,de,'Putin'
https://www.diepresse.com/40682693/ukraine-krieg-putins-kurs-in-richtung-abgrund,https://www.diepresse.com/40682693/ukraine-krieg-putins-kurs-in-richtung-abgrund,0,www.diepresse.com,Ukraine-Krieg: Putins Kurs in Richtung Abgrund,Offenbar fehlt dem russischen Präsidenten ein klarer Blick auf die Lage an der Front. Er hält an der schlechtesten Option unbeirrt fest.,https://img.diepresse.com/public/incoming/rwqrw7-31jul26-ukraine-peter-kufner-kuf-onlinejpg/alternates/WEBP_WIDE_1200/31jul26%20ukraine%20-%20peter%20kufner%20kuf%20-online.jpg,2026-08-01T05:53:47Z,,"Die Presse auf Google als bevorzugte Nachrichtenquelle hinzufügen.
 Würde der russische Präsident Wladimir Putin die Lage im Krieg gegen die Ukraine einer nüchternen Einschätzung unterziehen, müsste… [+5030 chars]",,de,'Ukraine'
https://www.diepresse.com/40558855/die-ukraine-provoziert-eine-humanitaere-notlage-auf-der-krim,https://www.diepresse.com/40558855/die-ukraine-provoziert-eine-humanitaere-notlage-auf-der-krim,0,www.diepresse.com,Die Ukraine provoziert eine humanitäre Notlage auf der Krim [premium],"Ukrainische Drohnen nehmen das Elektrizitätsnetz ins Visier, das Russland seit der Annexion 2014 modernisierte. Das Kalkül: Die Krim soll für Putin zur Last werden. Stromausfälle, Wassernot und Benzinmangel gehören auf der Halbinsel nun zum Alltag.",https://img.diepresse.com/public/incoming/qjtq99-afpc3g68kejpg/alternates/WEBP_WIDE_1200/AFP_C3G68KE.jpg,2026-08-01T05:56:35Z,,"Wieder einmal gab es in Sewastopol keinen Strom. 13 Stunden sollte die Stromunterbrechung für Privathaushalte am Freitag dauern, gab der staatliche Stromversorger Sewastopolenergo bekannt. Begründet … [+4267 chars]",,de,'Russland'
https://www.focus.de/politik/ausland/russe-25-ich-kenne-keinen-menschen-der-sich-putin-als-praesident-wuenscht_4f382c97-7350-47d9-b0df-67218179a25c.html,https://www.focus.de/politik/ausland/russe-25-ich-kenne-keinen-menschen-der-sich-putin-als-praesident-wuenscht_4f382c97-7350-47d9-b0df-67218179a25c.html,0,www.focus.de,"Russe (25): „Ich kenne keinen Menschen, der sich Putin als Präsident wünscht”",Ein Künstler wagt das Unglaubliche: Er stellt sich offen gegen Wladimir Putin. Seine knallharte Botschaft verbreitet sich wie ein Lauffeuer und ist nicht die erste ihrer Art.,"https://quadro.burda-forward.de/ctf/6c73fbb6-ee15-4f6b-9e16-bcca65fe140c.bfd6fe37-02a4-461d-b685-a53c4d2d8124.jpeg?im=RegionOfInterestCrop=(1200,630),regionOfInterest=(2272,1111)&hash=044ce92b7fcec1e529b8d93629120bb92d3348da6136ace0c8941295b3b4eb36",2026-08-01T08:14:00Z,,"Hallo, Wladimir Wladimirowitsch Putin. Mein Name ist Lescha. Diese schlichte Anrede ist der Auftakt zu einem Clip, der in Russland hohe Wellen schlägt. Er ist ein starkes Zeichen dafür, dass der Unmu… [+5991 chars]",,de,'Putin'
https://www.faz.net/aktuell/rhein-main/fulda-rentner-faehrt-mit-auto-ins-schlafzimmer-seines-nachbarn-aktuelle-nachrichten-aus-frankfurt-hessen-faz-19735361.html,https://www.faz.net/aktuell/rhein-main/fulda-rentner-faehrt-mit-auto-ins-schlafzimmer-seines-nachbarn-aktuelle-nachrichten-aus-frankfurt-hessen-faz-19735361.html,0,www.faz.net,Rhein-Main-Liveblog: Gas statt Bremse: Rentner fährt in Nachbars Schlafzimmer,Ermittlungen wegen mutmaßlichen Sexualdelikts in Offenbach +++ Autodieb rennt in Gießen barfuß Polizisten davon +++ Nicht anfassen: Niedrigwasser macht Munitionsreste sichtbar +++ Liveblog zu Rhein-Main und Hessen,https://media0.faz.net/image/w1200h627/10711b5f1a90/w3000h1567x0y354o/201210/431.0.45741756/in-diesem-fall-getunt.webp,2026-08-01T08:27:12Z,,"Offenbach. Die Polizei und Staatsanwaltschaft Darmstadt suchen Zeugen, um einen Zwischenfall in der Offenbacher Innenstadt aufzuklären. Es steht der Verdacht im Raum, dass in der Nacht zum Freitag me… [+454 chars]",,de,'Gas'
https://www.bild.de/politik/ausland-und-internationales/putin-terror-in-kiew-neun-tote-bei-raketenangriff-auf-zivilisten-6a6d9fc2ef632fe6ede67852,https://www.bild.de/politik/ausland-und-internationales/putin-terror-in-kiew-neun-tote-bei-raketenangriff-auf-zivilisten-6a6d9fc2ef632fe6ede67852,0,www.bild.de,Raketenangriff auf Zivilisten - Putin-Terror in Kiew! Neun Tote,"Russland greift Kiew erneut mit Raketen an. Mindestens neun Menschen sterben, 28 werden verletzt. Betroffene schildern die Nacht des Terrors.","https://images.bild.de/6a6d9fc2ef632fe6ede67852/d751516947c6696ab421514a19abfbf7,aa218a7e?w=1280",2026-08-01T08:33:02Z,,"TTS-Player überspringenArtikel weiterlesenKiew (Ukraine) Für die Menschen in Kiew blieben in dieser Nacht nur wenige Minuten, um Schutz zu suchen. Mehr als zehn Explosionen erschütterten die ukrainis… [+2143 chars]",,de,'Putin'
https://www.n-tv.de/wirtschaft/Kommunen-steuern-Windkraftverhinderung-mit-ihren-Pachtforderungen-id31131893.html,https://www.n-tv.de/wirtschaft/Kommunen-steuern-Windkraftverhinderung-mit-ihren-Pachtforderungen-id31131893.html,0,www.n-tv.de,"Fehlende Windräder im Südwesten: ""Kommunen steuern Windkraftverhinderung mit ihren Pachtforderungen""","Beim Solarausbau gehört Baden-Württemberg zur deutschen Spitze. Bei der Windenergie geht es im Schneckentempo voran. Wie kann das sein in einem Bundesland, das seit 15 Jahren von den Grünen regiert wird? Der Chef der EWS Schönau liefert im Interview Antworten…",https://www.n-tv.de/img/31131884/1785244953/Img_16_9/1200/Aufbau-einer-Windenergieanlage-im-Suedschwarzwald-bei-Gersbach.jpg,2026-08-01T09:09:33Z,,"Aufbau einer Windenergieanlage im Südschwarzwald bei Gersbach: ""Die Topografie ist herausfordernd."" (Foto: picture alliance / Zoonar)
Beim Solarausbau gehört Baden-Württemberg zur deutschen Spitze. … [+14378 chars]",,de,'Hohe Kosten'
https://www.n-tv.de/politik/Moskau-erlaesst-Haftbefehl-gegen-Schanna-Nemzowa-id31148443.html,https://www.n-tv.de/politik/Moskau-erlaesst-Haftbefehl-gegen-Schanna-Nemzowa-id31148443.html,0,www.n-tv.de,Tochter von Kremlkritiker Nemzow: Moskau erlässt Haftbefehl gegen Schanna Nemzowa,2015 wird der Putin-Kritiker Boris Nemzow auf einer Brücke nahe dem Kreml erschossen. Elf Jahre nach dem Tod ihres Vaters erlässt ein Moskauer Gericht einen Haftbefehl gegen seine Tochter Schanna Nemzowa. Die 42-Jährige arbeitet als Bürgerrechtlerin im Exil i…,https://www.n-tv.de/img/31148442/1785569795/Img_16_9/1200/Schanna-Nemzowa-Tochter-des-ermordeten-russischen-Oppositionspolitikers-Boris-Nemzow-bei-der-Enthuellung-eines-neuen-Schilds-zur-Kennzeichnung-der-Boris-Nemzow-Strasse-Die-Stadt-Bratislava-hat-die-Strasse-vor-der-russischen-Botschaft-in-der-Slowakei-in-Boris-Nemzow-Strasse-umbenannt.jpg,2026-08-01T09:47:47Z,,"Schanna Nemzowa, Tochter des ermordeten russischen Oppositionspolitikers Boris Nemzow, bei der Enthüllung eines Schilds der Boris-Nemzow-Straße in Bratislava - sie liegt vor der russischen Botschaft.… [+3529 chars]",,de,'Putin'
https://www.focus.de/finanzen/gen-z-stare-jetzt-warnen-psychologen-vor-neuem-gen-z-phaenomen_ba301e9f-6cc5-4538-956d-837108b6b791.html,https://www.focus.de/finanzen/gen-z-stare-jetzt-warnen-psychologen-vor-neuem-gen-z-phaenomen_ba301e9f-6cc5-4538-956d-837108b6b791.html,0,www.focus.de,„Gen-Z-Stare”: Jetzt warnen Psychologen vor neuem Gen-Z-Phänomen,Hohe Kosten und unsichere Jobs prägen die Gen Z. Warum aus berechtigter Skepsis eine dauerhafte Abwehrhaltung werden kann.,"https://quadro.burda-forward.de/ctf/3fa24013-593a-4fbd-a7d9-8b35c0433b9e.d0334a06-3957-4f8b-8ff9-2cc92d32c746.jpg?im=RegionOfInterestCrop=(1200,630),regionOfInterest=(633,391)&hash=43430aee793c3b32711d22aa555d86d53694edce07cd135bdc842970646f5bdb",2026-08-01T10:14:00Z,,Der sogenannte Gen-Z-Stare galt lange als Ausdruck sozialer Unsicherheit. Ein Beitrag des US-Wirtschaftsmagazins Fortune deutet das Phänomen nun grundsätzlicher: Hinter dem abweisenden Blick könne si… [+3817 chars],,de,'Hohe Kosten'
https://www.derstandard.at/story/3000000333735/guenter-traxler-im-blattsalat-ueber-karin-kneissl-zu-viel-tratsch-in-russland,https://www.derstandard.at/story/3000000333735/guenter-traxler-im-blattsalat-ueber-karin-kneissl-zu-viel-tratsch-in-russland,0,www.derstandard.at,"Günter Traxler im ""Blattsalat"" über Karin Kneissl: Zu viel Tratsch in Russland","Ex-Außenministerin beklagt in ""Heute"" die Probleme in ihrer neuen Heimat: Die Russen tratschen und trinken zu viel. Darüber sollte sie ein Wörtchen mit Putin reden",https://i.ds.at/AXQPkw/rs:fill:1200:600/plain/lido-images/2026/01/30/fcee311e-258e-4e76-a8c8-966ac2f32a1b.jpg,2026-08-01T11:51:00Z,,"Ex-Außenministerin Karin Kneissl bei einem Auftritt im Jahr 2025.
IMAGO/Alyona Bzhakhova
Der Unterton von Lange­weile ist mittlerweile nicht zu überhören, wenn Medien über Sebastian Kurz Degustatio… [+1053 chars]",,de,'Putin'
https://www.focus.de/finanzen/studie-zeigt-private-e-scooter-sparen-zeit-und-geld-beim-pendeln_ecaeed04-d052-4f30-ae42-de7963dd9e4f.html,https://www.focus.de/finanzen/studie-zeigt-private-e-scooter-sparen-zeit-und-geld-beim-pendeln_ecaeed04-d052-4f30-ae42-de7963dd9e4f.html,0,www.focus.de,Studie zeigt: Private E-Scooter sparen Zeit und Geld beim Pendeln,Studie zeigt: Private E-Scooter sparen Pendlern Zeit und Geld – und könnten wichtige Lücken im öffentlichen Nahverkehr schließen.,"https://quadro.burda-forward.de/ctf/0642f007-244d-458c-a9f8-40ccf8a049c1.a0cb41d5-5fb6-4542-b58d-659f07fbfda2.jpeg?im=RegionOfInterestCrop=(1200,630),regionOfInterest=(2807,1578.5)&hash=b876b92e434ff93ccc3a75184623a2038468cb495fe64e51d64138ba4ffe8ae4",2026-08-01T13:37:00Z,,"Private E-Scooter können Lücken im öffentlichen Nahverkehr schließen und Pendelwege verkürzen. Zu diesem Ergebnis kommt eine Untersuchung des Planning and Transport Research Centre, kurz PATREC, an d… [+5115 chars]",,de,'Hohe Kosten'
https://omr.podigee.io/1010-vom-kleinen-italiener-zu-400-mio-euro-losteria-gruender-klaus-rader-und-friedemann-findeis,https://omr.podigee.io/1010-vom-kleinen-italiener-zu-400-mio-euro-losteria-gruender-klaus-rader-und-friedemann-findeis,0,omr.podigee.io,Vom kleinen Italiener zu 400 Mio. Euro: L’Osteria-Gründer Klaus Rader und Friedemann Findeis (#929),"Sie sind die wahrscheinlich erfolgreichsten Serial-Entrepreneurs der deutschen Gastro-Geschichte: Klaus Rader und Friedemann Findeis. Angefangen haben sie bei McDonald’s, wo Rader als Franchise-Nehmer ein Millionen-Business aufgebaut hatte. Doch statt die Bet…","https://images.podigee-cdn.net/0x,sRFexeercLQJrwIoH_3tiN90vjl2Pr_P3xeCGoP7HwKI=/https://main.podigee-cdn.net/uploads/u5851/b7f87079-0744-449e-8405-bfec7b2c8922.jpg",2026-08-02T01:00:00Z,,"00:00:00: Wer heute den OMR Podcast angeklickt hat, hat keinen Fehler gemacht.
00:00:04: Denn er lernt gleich die wahrscheinlich erfolgreichsten Serial Entrepreneurs der deutschen Gastro-Geschichte … [+111121 chars]",,de,'Hohe Kosten'
https://www.welt.de/regionales/hamburg/article6a687155ce0aac7f44e40a57/mensch-maschine-interaktion-vertrauen-wir-der-ki-mehr-wenn-sie-laechelt.html,https://www.welt.de/regionales/hamburg/article6a687155ce0aac7f44e40a57/mensch-maschine-interaktion-vertrauen-wir-der-ki-mehr-wenn-sie-laechelt.html,0,www.welt.de,"„Vertrauen wir der KI mehr, wenn sie lächelt?“","Frank Steinicke untersucht, wie „menschlich“ Computer wirken, wenn sie sprechen, lächeln und unsere Emotionen spiegeln – und wie sich Schule, Medizin, Kriegsführung und der Arbeitsmarkt verändern, wenn KI plötzlich nicht mehr Werkzeug, sondern scheinbarer Par…",https://images.welt.de/6a687155ce0aac7f44e40a57/c382f1238a65a9b50df74097a1fe393f-master/ci16x9-w1200/steinicke4753-jpg,2026-08-02T05:32:40Z,,"Frank Steinicke untersucht, wie menschlich Computer wirken, wenn sie sprechen, lächeln und unsere Emotionen spiegeln und wie sich Schule, Medizin, Kriegsführung und der Arbeitsmarkt verändern, wenn K… [+19179 chars]",,de,'Krieg'
https://www.n-tv.de/politik/Putin-Gegner-Ossetschkin-friert-Gulagu-net-ein-Ich-kam-kahl-und-ohne-Zaehne-aus-der-Haft-id31145455.html,https://www.n-tv.de/politik/Putin-Gegner-Ossetschkin-friert-Gulagu-net-ein-Ich-kam-kahl-und-ohne-Zaehne-aus-der-Haft-id31145455.html,0,www.n-tv.de,"Putin-Gegner will aufhören: Ossetschkin: ""Ich kam kahl und ohne Zähne aus der Haft""","Seit 2015 lebt der russische Oppositionelle Wladimir Ossetschkin im französischen Exil. Er gilt als eines der wichtigsten Anschlagsziele russischer Dienste in Europa. Jetzt kündigt er an, die Arbeit seiner Plattform Gulagu.net einzufrieren, mit der er Folter …",https://www.n-tv.de/img/31150424/1785666359/Img_16_9/1200/Vladimir-Osechkin-speaks-during-an-interview-with-The-Associated-Press-in-Paris-France-Tuesday-Sept-20-2022-French-authorities-are-investigating-death-threats-against-Osechkin-a-Russian-prisoners-rights-activist-who-says-he-was-the-target-of-an-assassination-attempt-last-week-at-his-home-in-France.jpg,2026-08-02T05:41:53Z,,"In Putins Reich leben Kritiker wie Ossetschkin nicht sicher. (Foto: dpa)
Seit 2015 lebt der russische Oppositionelle Wladimir Ossetschkin im französischen Exil. Er gilt als eines der wichtigsten Ans… [+10017 chars]",,de,'Ukraine'
https://www.n-tv.de/politik/Ossetschkin-Ich-kam-kahl-und-ohne-Zaehne-aus-der-Haft-id31145455.html,https://www.n-tv.de/politik/Ossetschkin-Ich-kam-kahl-und-ohne-Zaehne-aus-der-Haft-id31145455.html,0,www.n-tv.de,"Putin-Gegner will aufhören: Ossetschkin: ""Ich kam kahl und ohne Zähne aus der Haft""","Seit 2015 lebt der russische Oppositionelle Wladimir Ossetschkin im französischen Exil, seit Jahren unter Polizeischutz: Er gilt als eines der wichtigsten Anschlagsziele russischer Dienste in Europa. Jetzt kündigt er an, die Arbeit seiner Plattform einzufrier…",https://www.n-tv.de/img/31022691/1785657086/Img_16_9/1200/Ein-Video-eines-Ex-Frontsoldaten-schlaegt-in-Russland-Wellen-bis-hin-zu-Kremlchef-Wladimir-Putin.jpg,2026-08-02T05:41:53Z,,"In Putins Reich leben Kritiker wie Ossetschkin nicht sicher. 
Seit 2015 lebt der russische Oppositionelle Wladimir Ossetschkin im französischen Exil. Er gilt als eines der wichtigsten Anschlagsziele… [+9929 chars]",,de,'Putin'
https://www.morgenpost.de/politik/article412317251/ukraine-krieg-news-aktuell-russland-drohnen-moskau.html,https://www.morgenpost.de/politik/article412317251/ukraine-krieg-news-aktuell-russland-drohnen-moskau.html,0,www.morgenpost.de,Moskau meldet 635 abgefangene Drohnen aus der Ukraine,Die russische Luftabwehr hat nach Angaben des Verteidigungsministeriums in Moskau mehr als 600 ukrainische Drohnen abgefangen. News im Blog.,https://img.sparknews.funkemedien.de/412739399/412739399_1785650734_v16_9_1600.jpeg,2026-08-02T06:05:35Z,,Russland hat nach eigenen Angaben in der Nacht über 600 Raketen aus der Ukraine abgefangen. Unterdessen bittet der ukrainische Präsident Wolodymyr Selenskyj erneut um dringende Lieferung von Patriot-… [+313 chars],,de,'Ukraine'
https://www.welt.de/videos/video6a6edfc187101057f9606a63/mehrere-tote-in-der-ukraine-wir-erleben-gerade-eine-eskalation-in-diesem-krieg-was-die-luftangriffe-angeht.html,https://www.welt.de/videos/video6a6edfc187101057f9606a63/mehrere-tote-in-der-ukraine-wir-erleben-gerade-eine-eskalation-in-diesem-krieg-was-die-luftangriffe-angeht.html,0,www.welt.de,"„Wir erleben gerade eine Eskalation in diesem Krieg, was die Luftangriffe angeht“","Russland hat Teile der Ukraine erneut mit Luftangriffen überzogen. Dabei sollen mindestens zehn Menschen gestorben sein. „Die Ukraine hat aktuell enorme Probleme, die schnellsten russischen Raketen abzuwehren“, berichtet WELT-Reporter Ibrahim Naber.",https://images.welt.de/6a6edfc187101057f9606a63/f88d15df0b8c688a4a596d4540322427/ci16x9-w1200/gyi-2288577204-jpg,2026-08-02T06:24:17Z,,"Russland hat Teile der Ukraine erneut mit Luftangriffen überzogen. Dabei sollen mindestens zehn Menschen gestorben sein. Die Ukraine hat aktuell enorme Probleme, die schnellsten russischen Raketen ab… [+107 chars]",,de,'Russland'
https://www.n-tv.de/Spezial/fine_hotels/Grosser-Name-leere-Versprechen-Hier-braucht-der-Gast-viel-Geduld-id31106499.html,https://www.n-tv.de/Spezial/fine_hotels/Grosser-Name-leere-Versprechen-Hier-braucht-der-Gast-viel-Geduld-id31106499.html,0,www.n-tv.de,"Rathgeber Fine Hotels: Großer Name, leere Versprechen: Hier braucht der Gast viel Geduld","Etwa 600 ""Hilton Hotels & Resorts"" verteilen sich über die ganze Welt. Eines davon steht in Mainz direkt am Rhein und positioniert sich vor allem für Geschäftsreisende. Wer hier eincheckt, könnte eine Überraschung erleben, denn auch große Namen bieten mitunte…",https://www.n-tv.de/img/31113731/1784731368/Img_16_9/1200/Hilton Mainz.jpg,2026-08-02T06:25:03Z,,"Rathgeber Fine HotelsGroßer Name, leere Versprechen: Hier braucht der Gast viel Geduld
Die Lage ist ideal für Geschäftsreisende, beim Service ist jedoch noch Luft nach oben: das ""Hilton Mainz"". (Fot… [+9257 chars]",,de,'Gas'
https://www.bild.de/politik/ausland-und-internationales/ex-botschafter-lambsdorff-bei-ronzheimer-putin-plant-eine-boese-ueberraschung-6a6e4750dd06dd5ef2e41c31,https://www.bild.de/politik/ausland-und-internationales/ex-botschafter-lambsdorff-bei-ronzheimer-putin-plant-eine-boese-ueberraschung-6a6e4750dd06dd5ef2e41c31,0,www.bild.de,Ex-Botschafter Lambsdorff bei Ronzheimer - Putin plant eine böse Überraschung,Lambsdorff warnt: Russland könnte im Herbst eine neue Mobilmachung starten.,"https://images.bild.de/6a6e4750dd06dd5ef2e41c31/4e558ed02ae994f9488372724f6726c8,644ef99e?w=1280",2026-08-02T07:16:31Z,,TTS-Player überspringenArtikel weiterlesenTel Aviv Er war unser Mann in Moskau: Drei Jahre lang war Alexander Graf Lambsdorff der Botschafter der Bundesrepublik Deutschland in der Russischen Föderati… [+5284 chars],,de,'Ukraine'
https://taz.de/Krieg-in-der-Ukraine/!6201048/,https://taz.de/Krieg-in-der-Ukraine/!6201048/,0,taz.de,Krieg in der Ukraine: Moskau meldet 635 abgefangene Drohnen,Die Ukraine wehrt sich gegen eine russische Invasion. Bei ihren Gegenangriffen mit Hunderten Drohnen nimmt sie bekannte Ziele ins Visier.,https://taz.de/picture/8646641/1200/41788419.jpeg,2026-08-02T07:17:00Z,,Die Ukraine wehrt sich gegen eine russische Invasion. Bei ihren Gegenangriffen mit Hunderten Drohnen nimmt sie bekannte Ziele ins Visier. mehr...,,de,'Ukraine'
https://www.n-tv.de/politik/Russland-Ukraine-greift-mit-mehr-als-600-Drohnen-an-id31150256.html,https://www.n-tv.de/politik/Russland-Ukraine-greift-mit-mehr-als-600-Drohnen-an-id31150256.html,0,www.n-tv.de,Attacken aufs Hinterland: Russland: Ukraine greift mit mehr als 600 Drohnen an,Kiew intensiviert seine Attacken auf Ziele im russischen Hinterland offenbar weiter. Das Verteidigungsministerium in Moskau spricht von Hunderten abgewehrter Flugobjekte. Aus Russland gibt es Berichte über tote Zivilisten und Treffer auf eine Raffinerie.,https://www.n-tv.de/img/31150276/1785661456/Img_16_9/1200/ARCHIV-28-02-2025-Ukraine-Ukrainische-Soldaten-des-Verteidigungsnachrichtendienstes-bereiten-den-Start-der-Langstreckendrohne-An-196-Ljutyj-an-einem-ungenannten-Ort-in-der-Ukraine-vor.jpg,2026-08-02T08:01:04Z,,"Attacken aufs HinterlandRussland: Ukraine greift mit mehr als 600 Drohnen an
Mit Langstreckendrohnen wie der ""An-196 Ljutyj"" attackiert die Ukraine seit Monaten verstärkt das russische Hinterland. (… [+1954 chars]",,de,'Ukraine'
https://www.focus.de/politik/ausland/ukraine-sorgt-sich-um-moegliche-geheime-militaertransporte_08d750e3-02ee-415c-8e3a-88ead48a6741.html,https://www.focus.de/politik/ausland/ukraine-sorgt-sich-um-moegliche-geheime-militaertransporte_08d750e3-02ee-415c-8e3a-88ead48a6741.html,0,www.focus.de,Ukraine sorgt sich um mögliche geheime Militärtransporte,"Tief im Fernen Osten, weitab vom sonstigen Weltgeschehen, bauen Russland und Nordkorea die erste Straßenverbindung zwischen sich. In der 10.000 Kilometer entfernten Ukraine lässt das die Alarmsirenen klingeln. Kiew fürchtet geheime Militärtransporte.","https://quadro.burda-forward.de/ctf/d30340ec-9edf-45c1-8d81-6fad1bd87902.094e3181-ca03-496e-9075-a75046b332b0.png?im=RegionOfInterestCrop=(1200,630),regionOfInterest=(1132,627)&hash=253b4f10a1fe6a6b125fbd2864dc0dea63a61fe60ad95b9ca52fbaf2de60d2e7",2026-08-02T08:27:00Z,,"Lange war Khasan so etwas wie der entlegenste Ort Russlands. Keine 500 Einwohner leben in dieser Siedlung im äußersten Südostzipfel des russischen Riesenreiches. Hier, mehr als 9000 Straßenkilometer … [+6454 chars]",,de,'Ukraine'
https://www.focus.de/politik/ausland/neben-kriegsinstallation-drohnen-treffen-wildberries-halle_673279e9-6a6b-49c9-a494-5c1011e3764e.html,https://www.focus.de/politik/ausland/neben-kriegsinstallation-drohnen-treffen-wildberries-halle_673279e9-6a6b-49c9-a494-5c1011e3764e.html,0,www.focus.de,Neben Kriegsinstallation: Drohnen treffen Wildberries-Halle,Ukrainische Drohnen haben am Sonntagmorgen erneut eine Lagerhalle des russischen Online-Händlers Wildberries getroffen. Nur 450 Meter entfernt befindet sich eine „Installation“ mit russischer Fahne und Kriegssymbolen.,"https://quadro.burda-forward.de/ctf/9051b801-1209-4501-958b-d9b8fe5e678a.84aef272-edb4-4bee-9cfc-0af759cd027c.png?im=RegionOfInterestCrop=(1200,630),regionOfInterest=(1983,583)&hash=ea57d6d5b9db9babbd60988cd9c454c38261eff3de2355a401fb723deeb0f180",2026-08-02T08:45:00Z,,"Die Drohnen trafen die 178.000 Quadratmeter große Distributionshalle in der Nacht. Diese liegt rund 800 Kilometer von der Grenze zur Ukraine entfernt. Der Gouverneur der Region Samara, sowie die Pres… [+1301 chars]",,de,'Ukraine'
https://www.focus.de/politik/ausland/treffer-auf-der-krim-ukraine-erwischt-russlands-mega-stoersystem-mit-5000-kilometern-reichweite_23e07d5f-b435-4e21-b207-8fa5229d341d.html,https://www.focus.de/politik/ausland/treffer-auf-der-krim-ukraine-erwischt-russlands-mega-stoersystem-mit-5000-kilometern-reichweite_23e07d5f-b435-4e21-b207-8fa5229d341d.html,0,www.focus.de,Treffer auf der Krim: Ukraine erwischt Russlands Mega-Störsystem mit 5000 Kilometern Reichweite,Die Ukraine meldet einen Schlag gegen ein russisches Störsystem auf der Krim. Getroffen worden sein soll eine Murmansk-BN-Anlage mit bis zu 5000 Kilometern Reichweite.,"https://quadro.burda-forward.de/ctf/93c13ea6-e375-45b3-ad2f-66e83420746c.4ed852a0-01ba-4b10-96c2-e5c2deaee3bc.jpg?im=RegionOfInterestCrop=(1200,630),regionOfInterest=(1150,617)&hash=80e520c2de780d8fa08c7b041bbe2e8842c9f957e7e4492864737e18c11dc591",2026-08-02T08:48:00Z,,Die Ukraine hat nach eigenen Angaben eine russische Anlage zur elektronischen Kriegsführung auf der besetzten Krim getroffen. Ziel des Angriffs sei in der Nacht zum 27. Juli 2026 eine Station des Typ… [+1438 chars],,de,'Ukraine'
https://www.focus.de/politik/ausland/ukraine-bringt-putins-luftabwehr-dazu-ihren-eigenen-millionen-jet-su-57-abzuschiessen_387972d8-a081-4a58-a924-c3febab3313e.html,https://www.focus.de/politik/ausland/ukraine-bringt-putins-luftabwehr-dazu-ihren-eigenen-millionen-jet-su-57-abzuschiessen_387972d8-a081-4a58-a924-c3febab3313e.html,0,www.focus.de,"Ukraine bringt Putins Luftabwehr dazu, ihren eigenen Millionen-Jet Su-57 abzuschießen",Nach dem Absturz eines russischen Su-57-Kampfjets liefert die Ukraine eine neue Erklärung. Demnach soll die eigene Luftabwehr Russlands das Flugzeug nach einem Cyber-Eingriff abgeschossen haben. Moskau weist das zurück.,"https://quadro.burda-forward.de/ctf/50bbc272-f69f-4715-bad6-c38d4360fdd0.3c51a7c3-dc0a-43ff-a4d9-544ebfc20c1c.jpg?im=RegionOfInterestCrop=(1200,630),regionOfInterest=(609,379)&hash=af2c6ca1a4add2997677cc12312e3588d97d7f7f8e03858ad3463c24b3836442",2026-08-02T08:51:00Z,,Vor wenigen Tagen stürzte nahe Moskau ein russisches Kampfflugzeug ab. Russland machte dafür einen technischen Defekt verantwortlich. Nun stellt die ukrainische Seite eine andere Version des Vorfalls… [+2232 chars],,de,'Ukraine'
https://www.focus.de/politik/ausland/putin-behauptet-die-ukraine-werde-ihre-westlichen-gebiete-frueher-oder-spaeter-verlieren-und-nennt-polen_afb70ee2-2d5b-4b5a-9c9c-9875cb056bb0.html,https://www.focus.de/politik/ausland/putin-behauptet-die-ukraine-werde-ihre-westlichen-gebiete-frueher-oder-spaeter-verlieren-und-nennt-polen_afb70ee2-2d5b-4b5a-9c9c-9875cb056bb0.html,0,www.focus.de,"Putin behauptet, die Ukraine werde ihre westlichen Gebiete früher oder später verlieren – und nennt Polen","Russlands Präsident behauptet, die Ukraine werde ihre westlichen Gebiete langfristig verlieren. Zugleich wiederholt er bekannte Rechtfertigungen für den russischen Angriffskrieg.","https://quadro.burda-forward.de/ctf/7bea5697-451d-400c-80c1-d3835ffa7a3f.0528f2ae-cfd2-4e0a-960b-9c6b149af9b3.jpg?im=RegionOfInterestCrop=(1200,630),regionOfInterest=(2782,1197)&hash=bd1726fa34c52c9178cbfcc20fe7fad7e1cca3180cc147e5de777b71af75d215",2026-08-02T08:51:00Z,,"Russlands Präsident Wladimir Putin hat erneut mit Aussagen über die Zukunft der Ukraine für Aufmerksamkeit gesorgt. Bei einem Treffen mit Soldaten der russischen Marine erklärte er, die Ukraine werde… [+2228 chars]",,de,'Ukraine'
https://www.tagesschau.de/ausland/europa/ukraine-wolhynien-polen-100.html,https://www.tagesschau.de/ausland/europa/ukraine-wolhynien-polen-100.html,0,www.tagesschau.de,Ukraine und Polen: Wie alte Massaker die Nachbarn spalten,"Zwischen Polen und Ukraine ist ein alter Streit über Massaker während des Zweiten Weltkriegs aufgeflammt. Vor Ort zeigt sich, warum das Thema weiter so heikel ist - und wie die Gräben überwunden werden können. Von Stephan Laack.",https://images.tagesschau.de/image/a08bf662-8e3a-41e5-94d0-df49e0999aa7/AAABn7e99u8/AAABnSSvrFg/16x9-big/gedenkgottesdienst-olyka-100.jpg?width=1280,2026-08-02T08:58:48Z,,"Stand: 02.08.2026 10:58 Uhr
Zwischen Polen und Ukraine ist ein alter Streit über Massaker während des Zweiten Weltkriegs aufgeflammt. Vor Ort zeigt sich, warum das Thema weiter so heikel ist - und w… [+5310 chars]",,de,'Ukraine'
https://www.tagesschau.de/ausland/europa/ukraine-krieg-angriffe-russland-106.html,https://www.tagesschau.de/ausland/europa/ukraine-krieg-angriffe-russland-106.html,0,www.tagesschau.de,Ukraine-Krieg: Moskau meldet 635 abgefangene Drohnen - zwei Tote,Die Ukraine wehrt sich gegen Russlands Angriffskrieg inzwischen verstärkt mit Attacken auf russischem Staatsgebiet. Erneut gerieten dabei offenbar eine Raffinerie und ein Militärplatz ins Visier. Moskau meldete zwei Tote.,https://images.tagesschau.de/image/5badb159-b34c-479f-b8c4-6c6bc8c1905c/AAABn8GboUo/AAABnSSvrFg/16x9-big/karte-ukraine-frontverlaeufe-2200.jpg?width=1280,2026-08-02T10:00:36Z,,"Stand: 02.08.2026 12:00 Uhr
Die Ukraine wehrt sich gegen Russlands Angriffskrieg inzwischen verstärkt mit Attacken auf russischem Staatsgebiet. Erneut gerieten dabei offenbar eine Raffinerie und ein… [+2512 chars]",,de,'Krieg'
https://www.welt.de/politik/ausland/article6a6de64bdd06dd5ef2e41891/frueherer-botschafter-in-russland-kiew-nutzt-aus-dass-sich-eine-einstige-staerke-russlands-in-eine-schwaeche-verwandelt-hat.html,https://www.welt.de/politik/ausland/article6a6de64bdd06dd5ef2e41891/frueherer-botschafter-in-russland-kiew-nutzt-aus-dass-sich-eine-einstige-staerke-russlands-in-eine-schwaeche-verwandelt-hat.html,0,www.welt.de,"„Kiew nutzt aus, dass sich eine einstige Stärke Russlands in eine Schwäche verwandelt hat“","Alexander Graf Lambsdorff hat als Botschafter in Moskau besondere Einblicke in die Machtstrukturen des Kremls gewonnen. Im Podcast „Ronzheimer“ zieht der Diplomat Bilanz – und sieht einen wunden Punkt, der im Krieg zunehmend zum Nachteil für Putin wird.",https://images.welt.de/6a6de64bdd06dd5ef2e41891/344d4cd0602333d11d6236aae7f02ed4-master/ci16x9-w1200/dpa-com-260724-935-1500258-jpg,2026-08-02T11:15:53Z,,"Alexander Graf Lambsdorff hat als Botschafter in Moskau besondere Einblicke in die Machtstrukturen des Kremls gewonnen. Im Podcast Ronzheimer zieht der Diplomat Bilanz und sieht einen wunden Punkt, d… [+6168 chars]",,de,'Ukraine'
https://www.focus.de/finanzen/gen-z-stare-jetzt-warnen-psychologen-vor-dem-neuen-gen-z-phaenomen_ba301e9f-6cc5-4538-956d-837108b6b791.html,https://www.focus.de/finanzen/gen-z-stare-jetzt-warnen-psychologen-vor-dem-neuen-gen-z-phaenomen_ba301e9f-6cc5-4538-956d-837108b6b791.html,0,www.focus.de,„Gen-Z-Stare”: Jetzt warnen Psychologen vor dem neuen Gen-Z-Phänomen,Hohe Kosten und unsichere Jobs prägen die Gen Z. Warum aus berechtigter Skepsis eine dauerhafte Abwehrhaltung werden kann.,"https://quadro.burda-forward.de/ctf/3fa24013-593a-4fbd-a7d9-8b35c0433b9e.d0334a06-3957-4f8b-8ff9-2cc92d32c746.jpg?im=RegionOfInterestCrop=(1200,630),regionOfInterest=(633,391)&hash=43430aee793c3b32711d22aa555d86d53694edce07cd135bdc842970646f5bdb",2026-08-02T15:37:00Z,,Der sogenannte Gen-Z-Stare galt lange als Ausdruck sozialer Unsicherheit. Ein Beitrag des US-Wirtschaftsmagazins Fortune deutet das Phänomen nun grundsätzlicher: Hinter dem abweisenden Blick könne si… [+3817 chars],,de,'Hohe Kosten'
https://www.zeit.de/news/2026-08/03/reiche-bringt-neue-finanzierung-fuer-gasreserve-ins-spiel,https://www.zeit.de/news/2026-08/03/reiche-bringt-neue-finanzierung-fuer-gasreserve-ins-spiel,0,www.zeit.de,Für Krisenzeiten: Reiche bringt neue Finanzierung für Gasreserve ins Spiel,Hier finden Sie Informationen zu dem Thema „Für Krisenzeiten“. Lesen Sie jetzt „Reiche bringt neue Finanzierung für Gasreserve ins Spiel“.,https://img.zeit.de/news/2026-08/03/reiche-bringt-neue-finanzierung-fuer-gasreserve-ins-spiel-image-group/wide__1300x731,2026-08-02T22:10:05Z,,Bundeswirtschaftsministerin Katherina Reiche bringt für die geplante strategische Gasreserve statt einer Umlage über die Gaskunden eine neue Finanzierung ins Spiel. Die CDU-Politikerin bezeichnete in… [+3519 chars],,de,'Gas'
https://www.tagesspiegel.de/wirtschaft/fur-krisenzeiten-reiche-bringt-neue-finanzierung-fur-gasreserve-ins-spiel-15907765.html,https://www.tagesspiegel.de/wirtschaft/fur-krisenzeiten-reiche-bringt-neue-finanzierung-fur-gasreserve-ins-spiel-15907765.html,0,www.tagesspiegel.de,Für Krisenzeiten: Reiche bringt neue Finanzierung für Gasreserve ins Spiel,Das Wirtschaftsministerium plant eine staatliche Erdgasreserve für Krisensituationen. Aber wer soll das bezahlen?,https://www.tagesspiegel.de/images/15907764/alternates/BASE_16_9_W1400/1785708681000/gasspeicher.jpeg,2026-08-02T22:11:21Z,,Bundeswirtschaftsministerin Katherina Reiche bringt für die geplante strategische Gasreserve statt einer Umlage über die Gaskunden eine neue Finanzierung ins Spiel. Die CDU-Politikerin bezeichnete in… [+3568 chars],,de,'Gas'
https://www.n-tv.de/wirtschaft/Wirtschaftsministerin-Reiche-will-Gasreserve-Finanzierung-neu-regeln-id31151553.html,https://www.n-tv.de/wirtschaft/Wirtschaftsministerin-Reiche-will-Gasreserve-Finanzierung-neu-regeln-id31151553.html,0,www.n-tv.de,Umlage auf dem Prüfstand: Wirtschaftsministerin Reiche will Gasreserve-Finanzierung neu regeln,Gasspeicher sollen in Krisensituationen die Energieversorgung sichern. Bisher soll das Einspeichern über eine Umlage bezahlt werden. Wirtschaftsministerin Reiche will Verbraucher nicht zusätzlich belasten und erwägt nun andere Finanzierungsoptionen.,https://www.n-tv.de/img/31151552/1785719466/Img_16_9/1200/Bundeswirtschaftsministerin-Katherina-Reiche-CDU-zu-Besuch-auf-dem-LNG-Terminal-FSRU-Hoeegh-Esperanza-in-Wilhemshaven.jpg,2026-08-02T23:37:52Z,,"Bis Jahresende sollen die Pläne durchs Parlament gebracht werden, so Bundeswirtschaftsministerin Katherina Reiche. (Foto: picture alliance/dpa)
Gasspeicher sollen in Krisensituationen die Energiever… [+3824 chars]",,de,'Hohe Kosten'
https://www.zeit.de/news/2026-08/03/speedweek-startet-was-autofahrer-beachten-muessen,https://www.zeit.de/news/2026-08/03/speedweek-startet-was-autofahrer-beachten-muessen,0,www.zeit.de,Runter vom Gas: Speedweek startet - Was Autofahrer beachten müssen,Hier finden Sie Informationen zu dem Thema „Runter vom Gas“. Lesen Sie jetzt „Speedweek startet - Was Autofahrer beachten müssen“.,https://img.zeit.de/news/2026-08/03/speedweek-startet-was-autofahrer-beachten-muessen-image-group/wide__1300x731,2026-08-03T02:00:30Z,,"Vorsicht, Blitzermarathon: In Baden-Württemberg beginnt heute die sogenannte Speedweek. Bis Sonntag kontrolliert die Polizei mitten in den Sommerferien verstärkt die Geschwindigkeit. Wer also häufig … [+2022 chars]",,de,'Gas'
https://www.zeit.de/politik/ausland/2026-08/boris-nadeschdin-russland-opposition-exil-paris-wladimir-putin,https://www.zeit.de/politik/ausland/2026-08/boris-nadeschdin-russland-opposition-exil-paris-wladimir-putin,0,www.zeit.de,Russland: Russischer Ex-Präsidentschaftsbewerber Nadeschdin emigriert nach Paris,Der russische Politiker Boris Nadeschdin wollte in diesem Jahr für das Parlament kandidieren. Nach einer Verurteilung hat der Putin-Kritiker Russland verlassen.,https://img.zeit.de/politik/ausland/2026-08/boris-nadeschdin-russland-opposition-exil-paris-wladimir-putin-foto-1/wide__1300x731,2026-08-03T14:22:46Z,,"Der russische Politiker Boris Nadeschdin hat seine Heimat Richtung Frankreich verlassen. »Es gibt gute Neuigkeiten. Ich bin am Leben und in Freiheit«, sagte er in einem bei Telegram veröffentlichten … [+3565 chars]",,de,'Russland'
https://www.focus.de/politik/ausland/an-der-grenze-zwischen-belarus-und-der-ukraine-geschehen-seltsame-dinge_e0ddd101-86eb-4034-8f12-a233a329a784.html,https://www.focus.de/politik/ausland/an-der-grenze-zwischen-belarus-und-der-ukraine-geschehen-seltsame-dinge_e0ddd101-86eb-4034-8f12-a233a329a784.html,0,www.focus.de,An der Grenze zwischen Belarus und der Ukraine geschehen seltsame Dinge,"Nur rund 40 Kilometer von der ukrainischen Grenze entfernt baut Belarus eine neue Luftlande-Brigade auf. Ein erstes Bataillon ist bereits einsatzbereit, weitere Einheiten sollen noch in diesem Jahr folgen.","https://quadro.burda-forward.de/ctf/7ff6d6fe-7b8b-4da5-8e80-ea6801318264.af587910-c9b3-4c1c-9a72-456df8a2bb2c.jpg?im=RegionOfInterestCrop=(1200,630),regionOfInterest=(2824,1647)&hash=204624ffc87f70e869a6936fbbca2de4adc79dab4cef25325cd3dac222770ea2",2026-08-03T14:51:00Z,,"Belarus verstärkt seine Militärpräsenz im Grenzgebiet zur Ukraine erheblich. In der Region Gomel, rund 40 Kilometer von der ukrainischen Grenze entfernt, wird eine neue Luftlande-Brigade aufgebaut. D… [+1996 chars]",,de,'Ukraine'
https://www.faz.net/podcasts/rhein-main-feierabendbriefing/eifler-uebernahme-warum-baeckereien-unter-druck-stehen-201091848.html,https://www.faz.net/podcasts/rhein-main-feierabendbriefing/eifler-uebernahme-warum-baeckereien-unter-druck-stehen-201091848.html,0,www.faz.net,Rhein-Main-Feierabendbriefing: Eifler-Übernahme: Warum Bäckereien unter Druck stehen,"Immer weniger eigenständige Bäckereien in Hessen, Ukraine-Kommando in Wiesbaden verschmilzt mit US-Einheit, Urteil nach Doppelmord in Kassel und Triathlon im Hijab. Der F.A.Z.-Podcast Rhein-Main Feierabend-Briefing informiert über die Themen der Region.",https://media0.faz.net/image/w1200h627/f9032460815c/w4671h2440x0y194o/202205/43600.0.931503802/436000931503802.webp,2026-08-03T15:03:44Z,,"1. Übernahme der Bäckereikette Eifler: Die Frankfurter Bäckereikette Eifler wird von der Brotwert Gruppe übernommen, die bereits die Bäckereien Görtz und Pappert kontrolliert. Diese Fusion schafft ei… [+2165 chars]",,de,'Ukraine'
https://www.faz.net/aktuell/politik/ukraine/ukraine-liveticker-verspaetung-soll-brand-an-bord-von-dhl-flugzeug-verhindert-haben-faz-110683325.html,https://www.faz.net/aktuell/politik/ukraine/ukraine-liveticker-verspaetung-soll-brand-an-bord-von-dhl-flugzeug-verhindert-haben-faz-110683325.html,0,www.faz.net,Liveblog Ukrainekrieg: Verspätung soll Brand an Bord von DHL-Flugzeug verhindert haben,Prozess in Litauen nach Versand von Brandsätzen +++ Nächster Angriff auf Lager von Versandhändler Wildberries +++ Mann schießt in Rekrutierungszentrum in Odessa um sich +++ alle Neuigkeiten im Liveblog,https://media0.faz.net/image/w1200h627/749a9b77596d/w5773h3016x0y688o/202608/43601.0.2398514233/ein-frachtflugzeug-von-dhl-am.webp,2026-08-03T15:29:27Z,,"Die offiziellen Informationen über den Vorfall blieben am Sonntag dünn. Die kremltreuen Medien beschränkten sich weitgehend auf die Wiedergabe offizieller Stellungnahmen, die keine Angaben zu Hinterg… [+1640 chars]",,de,'Ukraine'
https://www.n-tv.de/politik/Russischer-Oppositioneller-Nadeschdin-flieht-nach-Frankreich-id31154529.html,https://www.n-tv.de/politik/Russischer-Oppositioneller-Nadeschdin-flieht-nach-Frankreich-id31154529.html,0,www.n-tv.de,"""Ich bin am Leben"": Russischer Oppositioneller Nadeschdin flieht nach Frankreich","Wladimir Putin und sein Machtapparat unterdrücken die politische Opposition in Russland mit äußerster Konsequenz. Mit Boris Nadeschdin flieht nun ein weiterer Kritiker des Kreml-Chefs ins Ausland, um der politischen Verfolgung in der Heimat zu entgehen.",https://www.n-tv.de/img/31154535/1785774464/Img_16_9/1200/Der-russische-Politiker-Boris-Nadeschdin-dem-vorgeworfen-wird-extremistische-Symbole-gezeigt-zu-haben-nimmt-an-einer-Gerichtsverhandlung-teil.jpg,2026-08-03T15:38:02Z,,"""Ich bin am Leben""Russischer Oppositioneller Nadeschdin flieht nach Frankreich
Nadeschdin vor seiner Flucht bei einem Prozess in Moskau. (Archivbild) (Foto: picture alliance/dpa/AP)
Wladimir Putin … [+2705 chars]",,de,'Russland'
https://www.nzz.ch/international/weitere-personalrochade-in-der-ukraine-kiews-chefunterhaendler-rustem-umerow-wird-neuer-geheimdienstchef-ld.10017994,https://www.nzz.ch/international/weitere-personalrochade-in-der-ukraine-kiews-chefunterhaendler-rustem-umerow-wird-neuer-geheimdienstchef-ld.10017994,0,www.nzz.ch,Weitere Personalrochade in der Ukraine: Kiews Chefunterhändler Rustem Umerow wird neuer Geheimdienstchef,"Im Nachgang der schweren Krise um die jüngste Regierungsumbildung nimmt Präsident Selenski weitere Personalwechsel vor. Seine Kritiker, die über die Entlassung des populären Verteidigungsministers Fedorow empört sind, wird er damit aber nicht besänftigen.","https://img-msp-prod.nzz.ch/2026/08/03/43ba46fa-01bd-4bec-bf84-bb4e5c58ea0c.jpg?width=1200&height=675&fit=bounds&quality=75&auto=webp&crop=6000,3375,x0,y0&wmark=nzz",2026-08-03T16:01:43Z,,"Nach der schweren Krise um die jüngste Regierungsumbildung nimmt Präsident Selenski weitere Personalwechsel vor. Seine Kritiker wird er damit aber nicht besänftigen.
Zusammenfassung
Rustem Umerow w… [+4234 chars]",,de,'Ukraine'
https://www.welt.de/politik/ausland/article6a70b7e2935ebc37ca9d47b0/ukraine-krieg-jeder-botschafter-muss-waffen-auftreiben-selenskyj-will-eine-entscheidung-bis-zum-herbst.html,https://www.welt.de/politik/ausland/article6a70b7e2935ebc37ca9d47b0/ukraine-krieg-jeder-botschafter-muss-waffen-auftreiben-selenskyj-will-eine-entscheidung-bis-zum-herbst.html,0,www.welt.de,„Jeder Botschafter muss Waffen auftreiben“ – Selenskyj will eine Entscheidung bis zum Herbst,"Die Ukraine wehrt sich weiter mit Drohnenangriffen gegen Russlands Invasion. Präsident Selenskyj stellt jetzt vor Diplomaten in Aussicht, Moskau bis zum Herbst zu einem Waffenstillstand zu drängen.",https://images.welt.de/6a70b7e2935ebc37ca9d47b0/fd65aab721bf6099ac32388e691e5043-master/ci16x9-w1200/dpa-com-260803-935-1520865-jpg,2026-08-03T16:24:39Z,,"Die Ukraine wehrt sich weiter mit Drohnenangriffen gegen Russlands Invasion. Präsident Selenskyj stellt jetzt vor Diplomaten in Aussicht, Moskau bis zum Herbst zu einem Waffenstillstand zu drängen.De… [+2265 chars]",,de,'Ukraine'
https://www.tagesschau.de/ausland/europa/daenemark-wehrdienst-100.html,https://www.tagesschau.de/ausland/europa/daenemark-wehrdienst-100.html,0,www.tagesschau.de,Elf statt vier Monate: In Dänemark startet verlängerte Wehrpflicht,"Angesichts des Ukraine-Kriegs und der Trump-Drohungen in Bezug auf Grönland gilt in Dänemark von heute an ein längerer Wehrdienst. Zu den Männern und Frauen, die ihren Dienst antreten, gehört auch Prinzessin Isabella. Von Jana Sinram.",https://images.tagesschau.de/image/541ee59f-0cf6-4e67-8174-cb7db50243c8/AAABn8hx9pc/AAABnSSvrFg/16x9-big/daenemark-wehrpflicht-100.jpg?width=1280,2026-08-03T16:25:40Z,,"Stand: 03.08.2026 18:25 Uhr
Angesichts des Ukraine-Kriegs und der Trump-Drohungen in Bezug auf Grönland gilt in Dänemark von heute an ein längerer Wehrdienst. Zu den Männern und Frauen, die ihren Di… [+3373 chars]",,de,'Krieg'
https://www.n-tv.de/politik/Kiews-Chefunterhaendler-uebernimmt-Auslandsgeheimdienst-id31154045.html,https://www.n-tv.de/politik/Kiews-Chefunterhaendler-uebernimmt-Auslandsgeheimdienst-id31154045.html,0,www.n-tv.de,Zusätzliche Aufgabe für Umjerow: Kiews Chefunterhändler übernimmt Auslandsgeheimdienst,Als Vertreter der ukrainischen Regierung führt Rustem Umjerow die Gespräche mit Russland. Nun erhält der ehemalige Verteidigungsminister eine zusätzliche Aufgabe. Künftig leitet er Kiews Auslandsgeheimdienst. Zudem soll er den Export ukrainischer Drohnen koor…,https://www.n-tv.de/img/31154072/1785769555/Img_16_9/1200/Bruessel-Belgien-23-10.jpg,2026-08-03T17:16:20Z,,"Rustem Umjerow soll auch weiterhin für die Ukraine die Gespräche mit Russland leiten. (Foto: IMAGO/dts Nachrichtenagentur)
Als Vertreter der ukrainischen Regierung führt Rustem Umjerow die Gespräche… [+1869 chars]",,de,'Russland'
https://www.diepresse.com/40954255/ukraine-selenskyj-will-putin-bis-herbst-zum-frieden-zwingen,https://www.diepresse.com/40954255/ukraine-selenskyj-will-putin-bis-herbst-zum-frieden-zwingen,0,www.diepresse.com,Ukraine: Selenskyj will Putin bis Herbst zum Frieden zwingen,"Der ukrainische Präsident setzt auf Drohnenangriffe und diplomatischen Druck, um den Kremlchef mürbe zu machen.",https://img.diepresse.com/public/incoming/fd18m8-afpb9j728gjpg/alternates/WEBP_WIDE_1200/AFP_B9J728G.jpg,2026-08-03T17:43:24Z,,"Die Presse auf Google als bevorzugte Nachrichtenquelle hinzufügen.
 Der ukrainische Präsident Wolodymyr Selenskyj hofft, Russlands Staatschef Wladimir Putin bis Herbst so unter Druck zu setzen, dass… [+2056 chars]",,de,'Putin'
https://www.focus.de/politik/ausland/40-kilometer-vor-der-ukraine-belarus-baut-neue-elite-truppen-auf-was-steckt-hinter-lukaschenkos-plan_e0ddd101-86eb-4034-8f12-a233a329a784.html,https://www.focus.de/politik/ausland/40-kilometer-vor-der-ukraine-belarus-baut-neue-elite-truppen-auf-was-steckt-hinter-lukaschenkos-plan_e0ddd101-86eb-4034-8f12-a233a329a784.html,0,www.focus.de,40 Kilometer vor der Ukraine: Belarus baut neue Elite-Truppen auf – Was steckt hinter Lukaschenkos Plan?,"Nur rund 40 Kilometer von der ukrainischen Grenze entfernt baut Belarus eine neue Luftlande-Brigade auf. Ein erstes Bataillon ist bereits einsatzbereit, weitere Einheiten sollen noch in diesem Jahr folgen.","https://quadro.burda-forward.de/ctf/7ff6d6fe-7b8b-4da5-8e80-ea6801318264.af587910-c9b3-4c1c-9a72-456df8a2bb2c.jpg?im=RegionOfInterestCrop=(1200,630),regionOfInterest=(2824,1647)&hash=204624ffc87f70e869a6936fbbca2de4adc79dab4cef25325cd3dac222770ea2",2026-08-03T18:06:00Z,,"Belarus verstärkt seine Militärpräsenz im Grenzgebiet zur Ukraine erheblich. In der Region Gomel, rund 40 Kilometer von der ukrainischen Grenze entfernt, wird eine neue Luftlande-Brigade aufgebaut. D… [+1996 chars]",,de,'Ukraine'
https://www.tagesschau.de/ausland/europa/krieg-ukraine-selenskyj-angriffe-100.html,https://www.tagesschau.de/ausland/europa/krieg-ukraine-selenskyj-angriffe-100.html,0,www.tagesschau.de,Selenskyj hofft auf Kriegsende bis Herbst,Mit verschiedenen Maßnahmen will der ukrainische Präsident Russland unter Druck setzen - und so bis Herbst zu einem Kriegsende bewegen. Selenskyj bereitet das Land aber trotzdem auch auf einen weiteren Kriegswinter vor.,https://images.tagesschau.de/image/bd70ca8e-9851-4de6-bbb5-27ecd5b7920b/AAABn8jIQlc/AAABnSSvrFg/16x9-big/selenskyj-1152.jpg?width=1280,2026-08-03T18:31:59Z,,"Stand: 03.08.2026 20:31 Uhr
Mit verschiedenen Maßnahmen will der ukrainische Präsident Russland unter Druck setzen - und so bis Herbst zu einem Kriegsende bewegen. Selenskyj bereitet das Land aber t… [+3166 chars]",,de,'Russland'
https://www.faz.net/aktuell/politik/ukraine/ukraine-liveticker-selenskyj-entlaesst-ukrainische-botschafterin-in-den-usa-faz-110683325.html,https://www.faz.net/aktuell/politik/ukraine/ukraine-liveticker-selenskyj-entlaesst-ukrainische-botschafterin-in-den-usa-faz-110683325.html,0,www.faz.net,Liveblog Ukrainekrieg: Selenskyj entlässt ukrainische Botschafterin in den USA,Türkisches Schiff im Schwarzen Meer von Drohnen angegriffen+++ Verspätung soll Brand an Bord von DHL-Flugzeug verhindert haben +++ Nächster Angriff auf Lager von Versandhändler Wildberries +++  alle Neuigkeiten im Liveblog,https://media0.faz.net/image/w1200h627/a41f0148076f/w4872h2545x0y631o/202608/43601.0.2399285384/olha-stefanischyna-hat-um-ihre.webp,2026-08-03T20:27:23Z,,"Die offiziellen Informationen über den Vorfall blieben am Sonntag dünn. Die kremltreuen Medien beschränkten sich weitgehend auf die Wiedergabe offizieller Stellungnahmen, die keine Angaben zu Hinterg… [+1640 chars]",,de,'Ukraine'
https://www.n-tv.de/politik/Insider-US-Militaer-steht-vor-bedrohlichem-Raketenmangel-id31157361.html,https://www.n-tv.de/politik/Insider-US-Militaer-steht-vor-bedrohlichem-Raketenmangel-id31157361.html,0,www.n-tv.de,"""Nahezu alle"" aufgebraucht: Insider: US-Militär steht vor bedrohlichem Raketenmangel",Die USA verschießen im Krieg gegen den Iran im großen Stil Hochpräzisionsraketen. Die Lager bei zwei Waffentypen sind offenbar nahezu leer. Doch US-Präsident Trump wiegelt lautstark ab.,https://www.n-tv.de/img/31157276/1785846065/Img_16_9/1200/HANDOUT-Eine-Einheit-der-8-US-Armee-feuert-eine-Artillerie-Kurzstreckenrakete-vom-Typ-ATACMS-ab-US-Praesident-Joe-Biden-hat-der-Ukraine-uebereinstimmenden-US-Medienberichten-zufolge-den-Einsatz-weitreichender-US-Raketen-gegen-Ziele-in-Russland-erlaubt.jpg,2026-08-04T11:41:34Z,,"Eine Einheit der 8. US-Armee feuert eine Rakete vom Typ ATACMS bei einer Übung ab. (Foto: picture alliance/dpa/yonhap)
Die USA verschießen im Krieg gegen den Iran im großen Stil Hochpräzisionsrakete… [+3450 chars]",,de,'Krieg'
https://www.faz.net/aktuell/rhein-main/region-und-hessen/klimaschuetzer-kristisieren-neues-gaskraftwerk-gefaehrdet-mainzer-klimaziele-accg-201090770.html,https://www.faz.net/aktuell/rhein-main/region-und-hessen/klimaschuetzer-kristisieren-neues-gaskraftwerk-gefaehrdet-mainzer-klimaziele-accg-201090770.html,0,www.faz.net,Klimaneutral bis 2035: Hitzige Debatte um neues  Mainzer Gaskraftwerk,"Kritiker hoffen, dass die KMW AG ihre Pläne noch ändert. Allerdings liegt dem Unternehmen die Genehmigung für ein neues Gaskraftwerk auf der Ingelheimer Aue schon vor.",https://media0.faz.net/image/w1200h627/09ae89d9df7d/w4998h2611x0y279o/202606/43601.0.2238305175/lohnt-sich-ein-neues.webp,2026-08-04T11:44:18Z,,"Das auf der Ingelheimer Aue in Mainz geplante neue Gaskraftwerk, das unter anderem die Notstromversorgung für das dort entstehende Rechenzentrum Green Rocks sicherstellen soll, passt nach Ansicht von… [+2945 chars]",,de,'Gas'
https://www.welt.de/politik/ausland/article6a71c8ae61ec46f846a26d4a/iran-krieg-usa-haben-offenbar-nahezu-alle-ihre-vorraete-an-raketen-aufgebraucht.html,https://www.welt.de/politik/ausland/article6a71c8ae61ec46f846a26d4a/iran-krieg-usa-haben-offenbar-nahezu-alle-ihre-vorraete-an-raketen-aufgebraucht.html,0,www.welt.de,USA haben offenbar „nahezu alle“ ihre Vorräte an Raketen aufgebraucht,"Seit Februar führen die USA Krieg gegen den Iran – vor allem mit Boden-Boden-Raketen und Marschflugkörpern. Doch die sind fast vollständig aufgebraucht, wie Insider berichten. Das Weiße Haus widerspricht.",https://images.welt.de/6a71c8ae61ec46f846a26d4a/c98920992b1b17f7466ab8924e5b102c/ci16x9-w1200/464591866-jpg,2026-08-04T12:27:11Z,,"Seit Februar führen die USA Krieg gegen den Iran vor allem mit Boden-Boden-Raketen und Marschflugkörpern. Doch die sind fast vollständig aufgebraucht, wie Insider berichten. Das Weiße Haus widerspric… [+3155 chars]",,de,'Krieg'
https://www.zeit.de/politik/ausland/2026-08/drohnenangriff-cherson-ukraine-russland-zivilisten-video,https://www.zeit.de/politik/ausland/2026-08/drohnenangriff-cherson-ukraine-russland-zivilisten-video,0,www.zeit.de,Drohnenangriff in Cherson: Video dokumentiert Jagd russischer Drohne auf Zivilisten in Cherson,In Cherson werden Zivilisten seit Jahren gezielt von russischen Kurzdistanzdrohnen angegriffen. Nach einem weiteren Angriff beklagt die Ukraine die »sadistische« Praxis.,https://img.zeit.de/politik/ausland/2026-08/drohnenangriff-cherson-ukraine-russland-zivilisten-video-foto-1/wide__1300x731,2026-08-04T16:23:52Z,,"Die Ukraine hat Russland erneut vorgeworfen, in der südukrainischen Großstadt Cherson gezielt Zivilisten mit Drohnen zu jagen und anzugreifen. Anlass ist ein von der ukrainischen Polizei veröffentlic… [+4031 chars]",,de,'Ukraine'
https://www.bild.de/politik/ausland-und-internationales/ukrainische-einflussoperation-40-tage-die-putin-schwer-zugesetzt-haben-6a71c7d047f8c988ecd617a4,https://www.bild.de/politik/ausland-und-internationales/ukrainische-einflussoperation-40-tage-die-putin-schwer-zugesetzt-haben-6a71c7d047f8c988ecd617a4,0,www.bild.de,"Ukrainische „Einflussoperation“ - 40 Tage, die Putin schwer zugesetzt haben","Selenskyjs 40-Tage-Operation sollte Putin zum Einlenken zwingen. Experten erklären, warum das Ziel verfehlt wurde – und was die Ukraine erreichte.","https://images.bild.de/6a71c7d047f8c988ecd617a4/152ac220aabe40107f990634fb7cf1a6,ec35b63d?w=1280",2026-08-04T18:00:52Z,,Vor 40 Tagen kündigte Präsident Selenskyj eine rätselhafte 40-tägige Einflussoperation der ukrainischen Geheimdienste an. Das Ziel: Russland zum Einlenken bewegen. Frieden gibt es bis heute nicht doc… [+201 chars],,de,'Russland'
https://www.n-tv.de/wirtschaft/Warum-Russlands-Amazon-Wildberries-heisst-id31158783.html,https://www.n-tv.de/wirtschaft/Warum-Russlands-Amazon-Wildberries-heisst-id31158783.html,0,www.n-tv.de,Im Visier ukrainischer Drohnen : Warum Russlands Amazon Wildberries heißt,Ukrainische Drohnen treffen Russlands größten Onlinehändler Wildberries. Der englische Name des Unternehmens klingt heute ungewöhnlich - und erzählt viel über die Zeit seiner Gründung.,https://www.n-tv.de/img/31140044/1785394038/Img_16_9/1200/RYAZAN-RUSSIA-JULY-29-EDITORIAL-USE-ONLY-MANDATORY-CREDIT-UKRAINE-ONLINE-TELEGRAM-CHANNEL-HANDOUT-NO-MARKETING-NO-ADVERTISING-CAMPAIGNS-DISTRIBUTED-AS-A-SERVICE-TO-CLIENTS-Smoke-rises-as-firefighters-work-to-extinguish-a-fire-at-Wildberries-logistics-hub-following-a-Ukrainian-drone-attack-in-the-Ryazan-region-of-Russia-on-July-29-2026-At-least-six-people-were-reportedly-injured-and-fires-broke-out-at-local-industrial-plants-as-a-result-of-the-strike.jpg,2026-08-04T18:18:02Z,,"Die Angriffe treffen das Logistiknetz von Russlands größtem Onlinehändler. (Foto: picture alliance / Anadolu)
Ukrainische Drohnen treffen Russlands größten Onlinehändler Wildberries. Der englische N… [+4206 chars]",,de,'Russland'
https://www.tagesschau.de/ausland/europa/ukraine-cherson-drohnenangriff-100.html,https://www.tagesschau.de/ausland/europa/ukraine-cherson-drohnenangriff-100.html,0,www.tagesschau.de,"Angriff auf Gemüsehändler: Ukraine wirft Moskau ""Drohnen-Safari"" vor","Ein Video zeigt, wie eine Drohne einen Gemüsehändler in der Ukraine verfolgt - und schließlich neben ihm explodiert. Der Angriff sei kein Einzelfall, sagt der ukrainische Präsident Selenskyj. Er fordert erneut mehr Druck auf Moskau.",https://images.tagesschau.de/image/ae09e094-5cde-4587-99f8-63985edb17d4/AAABn83dg2g/AAABnSSvrFg/16x9-big/cherson-haendler-drone-100.jpg?width=1280,2026-08-04T18:47:49Z,,"Stand: 04.08.2026 20:47 Uhr
Ein Video zeigt, wie eine Drohne einen Gemüsehändler in der Ukraine verfolgt - und schließlich neben ihm explodiert. Der Angriff sei kein Einzelfall, sagt der ukrainische… [+2869 chars]",,de,'Russland'
https://www.n-tv.de/politik/Frankreich-Russland-hat-komplette-Luege-viral-gehen-lassen-id31159285.html,https://www.n-tv.de/politik/Frankreich-Russland-hat-komplette-Luege-viral-gehen-lassen-id31159285.html,0,www.n-tv.de,"Wahleinmischung aus Moskau?: Frankreich: Russland hat ""komplette Lüge viral gehen lassen""","Im Vorfeld der Bundestagswahlen vermuten deutsche Sicherheitsbehörden russische Einmischung. Auch in Frankreich scheint ähnliches vonstatten zu gehen. Unter anderem berichten Ermittler von manipulierten Dokumenten, mit KI reproduzierten Stimmen und einem voll…",https://www.n-tv.de/img/31159373/1785876780/Img_16_9/1200/Raphael-Glucksmann-Member-of-the-European-Parliament-and-co-chair-of-the-Place-Publique-party-Raphael-Glucksmann-during-the-6th-edition-of-Le-Festival-des-Idees-Ideas-Festival-in-La-Charite-sur-Loire-central-France-on-July-4-2026-Raphael-Glucksmann-pendant-la-6eme-edition-du-festival-des-idees-a-La-Charite-sur-Loire-le-samedi-4-juillet-2026.jpg,2026-08-04T20:43:00Z,,"Die Kampagne gegen Raphaël Glucksmann ging auf das Propagandanetzwerk Storm-1516 zurück, das mit dem russischen Geheimdienst in Verbindung gebracht wird. (Foto: picture alliance / SIPA)
Im Vorfeld d… [+2329 chars]",,de,'Russland'
https://www.n-tv.de/politik/Russland-will-offenbar-deutsche-Landtagswahlen-beeinflussen-id31159457.html,https://www.n-tv.de/politik/Russland-will-offenbar-deutsche-Landtagswahlen-beeinflussen-id31159457.html,0,www.n-tv.de,Behörden warnen vor Fake News: Russland will offenbar deutsche Landtagswahlen beeinflussen,"Im Herbst wird in Berlin, Sachsen-Anhalt und Mecklenburg-Vorpommern gewählt. Sicherheitskreise beobachten eine Zunahme von Diffamierungsversuchen gegen demokratische Parteien der Mitte. Die Kampagnen sollen aus Russland stammen.",https://www.n-tv.de/img/31159458/1785884565/Img_16_9/1200/26-09-2021-Borkwalde-Brandenburg-Ein-Wegweiser-zeigt-den-Weg-zum-Wahllokal.jpg,2026-08-04T21:15:38Z,,"Die Fake-News-Videos werden vor den anstehenden Wahlen meist in englischer Sprache verbreitet, warnen Sicherheitskreise. (Foto: picture alliance / ZB)
Im Herbst wird in Berlin, Sachsen-Anhalt und Me… [+2641 chars]",,de,'Russland'
https://www.zeit.de/news/2026-08/05/klitschko-neuer-angriff-auf-kiew-mit-ballistischen-raketen,https://www.zeit.de/news/2026-08/05/klitschko-neuer-angriff-auf-kiew-mit-ballistischen-raketen,0,www.zeit.de,Ukraine-Krieg: Klitschko: Neuer Angriff auf Kiew mit ballistischen Raketen,Hier finden Sie Informationen zu dem Thema „Ukraine-Krieg“. Lesen Sie jetzt „Klitschko: Neuer Angriff auf Kiew mit ballistischen Raketen“.,https://img.zeit.de/news/2026-08/05/klitschko-neuer-angriff-auf-kiew-mit-ballistischen-raketen-image-group/wide__1300x731,2026-08-04T22:26:28Z,,"Die ukrainische Hauptstadt Kiew und ihre Umgebung sind in der Nacht erneut mit ballistischen Raketen angegriffen worden. Die Luftabwehr sei im Einsatz, teilte Bürgermeister Vitali Klitschko auf Teleg… [+660 chars]",,de,'Ukraine'
https://www.tagesspiegel.de/internationales/ukraine-krieg-angriff-mit-ballistischen-raketen-auf-kiew-eine-tote-15914273.html,https://www.tagesspiegel.de/internationales/ukraine-krieg-angriff-mit-ballistischen-raketen-auf-kiew-eine-tote-15914273.html,0,www.tagesspiegel.de,Ukraine-Krieg: Angriff mit ballistischen Raketen auf Kiew - eine Tote,Erneut greift das russische Militär in der Nacht die ukrainische Hauptstadt an. In mehreren Stadtteilen kommt es zu Bränden. Es gibt Tote und Verletzte.,https://www.tagesspiegel.de/images/15914272/alternates/BASE_16_9_W1400/1785882458000/ukraine-krieg-kiew.jpeg,2026-08-04T22:27:39Z,,"Russland hat die ukrainische Hauptstadt Kiew und ihre Umgebung in der Nacht erneut mit ballistischen Raketen angegriffen. Dabei wurde eine Frau getötet, mindestens 22 Menschen wurden nach Angaben der… [+1246 chars]",,de,'Krieg'
https://www.tagesspiegel.de/internationales/ukraine-krieg-mindestens-15-tote-in-und-um-kiew-durch-russischen-angriff-15914273.html,https://www.tagesspiegel.de/internationales/ukraine-krieg-mindestens-15-tote-in-und-um-kiew-durch-russischen-angriff-15914273.html,0,www.tagesspiegel.de,Ukraine-Krieg: Mindestens 15 Tote in und um Kiew durch russischen Angriff,"Die Ukraine hat fast keine Munition mehr, um Russlands ballistische Raketen abzufangen. Moskau verstärkt seine Angriffe mit den tödlichen Geschossen.",https://www.tagesspiegel.de/images/15914489/alternates/BASE_16_9_W1400/1785908618000/ukraine-krieg-kiew.jpeg,2026-08-04T22:27:39Z,,Durch einen russischen Raketenangriff auf die ukrainische Hauptstadt Kiew und deren Umland sind nach Behördenangaben mindestens 15 Menschen getötet worden. 14 Zivilisten kamen im Kiewer Gebiet ums Le… [+1080 chars],,de,'Russland'
https://www.tagesspiegel.de/internationales/ukraine-krieg-angriff-mit-ballistischen-raketen-auf-kiew-mehrere-opfer-15914273.html,https://www.tagesspiegel.de/internationales/ukraine-krieg-angriff-mit-ballistischen-raketen-auf-kiew-mehrere-opfer-15914273.html,0,www.tagesspiegel.de,Ukraine-Krieg: Angriff mit ballistischen Raketen auf Kiew - mehrere Opfer,Erneut greift das russische Militär in der Nacht die ukrainische Hauptstadt an. In mehreren Stadtteilen kommt es zu Bränden. Es gibt Tote und Verletzte.,https://www.tagesspiegel.de/images/15914272/alternates/BASE_16_9_W1400/1785882458000/ukraine-krieg-kiew.jpeg,2026-08-04T22:27:39Z,,"Russland hat die ukrainische Hauptstadt Kiew und ihre Umgebung in der Nacht erneut mit ballistischen Raketen angegriffen. Dabei wurde eine Frau getötet, mindestens zwölf Menschen wurden nach Angaben … [+1249 chars]",,de,'Russland'
https://www.tagesspiegel.de/internationales/ukraine-krieg-klitschko-neuer-angriff-auf-kiew-mit-ballistischen-raketen-15914273.html,https://www.tagesspiegel.de/internationales/ukraine-krieg-klitschko-neuer-angriff-auf-kiew-mit-ballistischen-raketen-15914273.html,0,www.tagesspiegel.de,Ukraine-Krieg: Klitschko: Neuer Angriff auf Kiew mit ballistischen Raketen,Erneut greift das russische Militär in der Nacht die ukrainische Hauptstadt an. Es kommt zu mehreren Bränden.,https://www.tagesspiegel.de/images/15914272/alternates/BASE_16_9_W1400/1785882458000/ukraine-krieg-kiew.jpeg,2026-08-04T22:27:39Z,,"Die ukrainische Hauptstadt Kiew und ihre Umgebung sind in der Nacht erneut mit ballistischen Raketen angegriffen worden. Die Luftabwehr sei im Einsatz, teilte Bürgermeister Vitali Klitschko auf Teleg… [+714 chars]",,de,'Krieg'
https://www.tagesschau.de/ausland/europa/angriffe-kiew-russland-102.html,https://www.tagesschau.de/ausland/europa/angriffe-kiew-russland-102.html,0,www.tagesschau.de,Russische Angriffe: Kiew wieder unter Raketenbeschuss,Russland hat die ukrainische Hauptstadt Kiew erneut mit Raketen angegriffen. Behörden meldeten eine Tote und mehrere Verletzte - weitere Opfer werden unter Trümmern befürchtet.,https://images.tagesschau.de/image/78f30b68-9a46-4337-9aa4-505102973ace/AAABn89Q97Y/AAABnSSvrFg/16x9-big/kiew-feuer-104.jpg?width=1280,2026-08-05T02:18:18Z,,"Stand: 05.08.2026 04:18 Uhr
Russland hat die ukrainische Hauptstadt Kiew erneut mit Raketen angegriffen. Behörden meldeten eine Tote und mehrere Verletzte - weitere Opfer werden unter Trümmern befür… [+1376 chars]",,de,'Russland'
https://www.sueddeutsche.de/politik/ukraine-krieg-newsblog-selenskij-video-cherson-gemuesehaendler-drohne-angriff-li.3524928,https://www.sueddeutsche.de/politik/ukraine-krieg-newsblog-selenskij-video-cherson-gemuesehaendler-drohne-angriff-li.3524928,0,www.sueddeutsche.de,Krieg in der Ukraine: Gemüsehändler in Cherson angegriffen – Selenskij: Drohnen-„Safari“,"Ein Video in den sozialen Medien zeigt, wie ein Händler von einer russischen Drohne verfolgt wird. Der ukrainische Präsident sagt, dies sei kein Einzelfall und wirft Russland die gezielte Jagd auf Zivilisten vor.",https://www.sueddeutsche.de/2026/07/06/3d7a147e-13a9-4333-b5fd-6ffbc3c414c3.jpg?q=60&fm=webp&width=1200&rect=0%2C107%2C2048%2C1152,2026-08-05T02:26:24Z,,Bei einem neuen ukrainischen Drohnenangriff auf den größten russischen Versandhändler Wildberries ist laut Angaben aus Russland ein Logistikzentrum im Gebiet Wladimir in Brand geraten. Die Mitarbeite… [+1313 chars],,de,'Russland'
https://www.autobild.de/artikel/tesla-model-3-im-privaten-leasing-preis-ausstattung-reichweite-28758037.html,https://www.autobild.de/artikel/tesla-model-3-im-privaten-leasing-preis-ausstattung-reichweite-28758037.html,0,www.autobild.de,Das kostet der beliebte Tesla Model 3 im Leasing,"Der Tesla Model 3 ist ein echtes Urgestein unter den Elektroautos. Normalerweise werden für das Basismodell knapp 37.000 Euro fällig, doch im Leasing können Privatkunden aktuell viel Geld sparen!",https://i.auto-bild.de/ir_img/4/0/9/3/7/0/9/Tesla-Model-3-2869-2400x1349-538ecec8a49b0d9a.jpg?impolicy=og_images,2026-08-05T09:44:00Z,,Der Tesla Model 3 ist ein echtes Urgestein unter den Elektroautos. Normalerweise startet das Basismodell preislich bei knapp 37.000 Euro und bleibt damit immer noch fair. Doch wer die elektrische Lim… [+1542 chars],,de,'Geld sparen'
