day,sentiment_mean,sentiment_std,subjectivity_mean,subjectivity_std,counting
000-00-00,0.0,0.0,0.0,0.0,12.0
2022-01-31,0.07503995206391056,0.24743087266466451,-0.24386884419759897,0.3448826269044957,2.0
2022-02-01,0.14317484224929122,1.0,-0.3619371771300263,1.0,1.0
2022-02-02,-0.29828222726775516,1.0,-0.6878783400844452,1.0,1.0
2022-02-03,-0.17861980568086183,1.0,1.300775605281658,1.0,1.0
2022-02-06,-0.03748378788627747,1.0,-0.43964582811610176,1.0,1.0
2022-02-14,-0.09992009587217889,1.0,-0.48773768839519793,1.0,1.0
2022-02-16,0.14317484224929122,1.0,3.4801651647117917,1.0,1.0
2022-02-22,-0.03748378788627747,1.0,-0.43964582811610176,1.0,1.0
2022-03-09,0.7071067811865475,1.0,-0.7071067811865476,1.0,1.0
2022-03-17,1.135490585398103,1.0,-0.5419549255626589,1.0,1.0
2022-03-23,-0.09992009587217889,1.0,-0.48773768839519793,1.0,1.0
2022-03-30,0.7071067811865476,1.0,,1.0,1.0
2022-04-04,1.1542475116828896,1.0,2.0588222523010526,1.0,1.0
2022-04-06,0.25,1.0,0.0,1.0,1.0
2022-04-13,0.01640489608548369,1.0,-0.38682663843993526,1.0,1.0
2022-04-17,-0.17861980568086183,1.0,-0.7297950348858601,1.0,1.0
2022-04-19,-1.5387694764315558,1.0,-0.48773768839519793,1.0,1.0
2022-04-23,0.7049510008511756,1.0,-0.7297950348858601,1.0,1.0
2022-04-28,-0.07874873144506708,1.0,-0.5360431725677152,1.0,1.0
2022-04-30,-0.41574887219439616,0.6231415087161102,-0.5416103378342093,0.08399091229439616,2.0
2022-05-05,0.2805007986633319,0.4924299915344593,-0.5488394370805225,0.15442308272194818,2.0
2022-05-11,0.9267499798740737,2.4741924017636294,-0.3619371771300263,1.0,2.0
2022-05-25,1.019184977896225,1.5826535730438198,1.463213065185594,1.136083947450104,2.0
2022-05-26,-0.17861980568086183,1.0,-0.7297950348858601,1.0,1.0
2022-06-09,1.0982806883061884,1.0,-1.0451282540860214,1.0,1.0
2022-06-10,0.6357207739188615,1.0,1.559113993790883,1.0,1.0
2022-06-13,-0.8227682453732195,1.0,,1.0,1.0
2022-06-17,0.48057466729199527,1.2242632363809325,-0.6653979581807408,0.09107121925356033,3.0
2022-06-19,0.7049510008511756,1.0,-0.7297950348858601,1.0,1.0
2022-06-21,-0.20044916864420226,0.030871381160720957,-0.6242871111501087,0.1492107366849258,2.0
2022-06-24,0.31310113470305423,0.5541593951207552,-0.6329191037267876,0.13700325571268257,2.0
2022-06-28,-0.09992009587217889,1.0,-0.48773768839519793,1.0,1.0
2022-06-30,-0.17861980568086183,1.0,-0.7297950348858601,1.0,1.0
2022-07-01,1.002068644194997,1.0,0.04398956902027811,1.0,1.0
2022-07-03,-1.3110781554448234,1.0,-0.38682663843993526,1.0,1.0
2022-07-04,-0.9856030147108714,0.39385315051992353,-0.3619371771300263,1.0,2.0
2022-07-06,0.7049510008511756,1.0,-0.7297950348858601,1.0,1.0
2022-07-07,-0.17861980568086183,1.0,-0.7297950348858601,1.0,1.0
2022-07-08,0.024878714257581497,1.0,-0.6010008814756214,1.0,1.0
2022-07-09,-0.5838983488001838,0.5731504122181543,0.6522017914550724,1.9544386549679218,2.0
2022-07-10,0.7158454212846824,1.9243827182979805,-0.2751233539856075,0.12277328609229642,2.0
2022-07-12,0.11111724467752637,0.409750066138809,-0.7088366874851526,0.029639579139007388,2.0
2022-07-13,0.7811656654294192,0.5763989625176832,-0.5691805846349193,0.16767347617955058,5.0
2022-07-14,-0.7472081974979856,1.2591917705175815,-0.40040195325878997,0.05439740807494242,2.0
2022-07-15,0.22926085133107446,0.3235065108327119,0.45007361414885233,1.3945797338583465,2.0
2022-07-17,1.910850439146737,1.0,-0.4822197941927972,1.0,1.0
2022-07-18,0.1125659325462604,0.15919226846809645,-0.4521722019773715,0.6394680605645052,2.0
2022-07-19,1.059320661102303,0.5011543796206903,-0.08171973013099432,0.9165168854234079,2.0
2022-07-20,1.5787832114115636,1.0,-0.4822197941927972,1.0,1.0
2022-07-21,-0.7193622522182097,0.022193665689839208,-0.4470217690627022,0.01043115572194538,2.0
2022-07-22,-0.031358004592188904,1.0412981815954512,-0.7297950348858601,0.0,2.0
2022-07-23,-1.0486577109215824,1.0,-0.43964582811610176,1.0,1.0
2022-07-24,-0.838888399055972,0.6014173421495036,-0.08806454486340604,0.8139881197150878,3.0
2022-07-25,-0.6622292839176281,0.686689957245154,0.7163123802583766,1.6347717758196916,2.0
2022-07-31,-0.9624893604247969,1.0,-0.739559439385112,1.0,1.0
2022-08-01,-0.5822419179012732,0.4288383891558519,-0.5458661060079432,0.2601147857319065,2.0
2022-08-02,-0.286577432814497,0.4052816921563261,0.2023513629106818,0.2861680417929663,2.0
2022-08-03,-0.17861980568086183,1.0,-0.7297950348858601,1.0,1.0
2022-08-04,-0.17861980568086183,1.0,0.6239187252258184,1.0,1.0
2022-08-05,0.1667303771335001,0.48839891230409843,1.0300702327345452,0.19149689847291645,2.0
2022-08-06,-1.1589451608867767,1.0,-0.739559439385112,1.0,1.0
2022-08-07,-0.6947467386628949,1.0,0.59143291785646,1.0,1.0
2022-08-10,-0.5040591756344937,0.754052058993405,0.4267395030029952,1.361580317409954,2.0
2022-08-11,-0.44493207896184084,1.4570052363480683,0.4408343891286818,1.1352904364905567,2.0
2022-08-14,-0.4611767706557643,0.4023587662410297,-0.6108896167889546,0.18196660818362595,2.0
2022-08-16,-0.16109931373986078,0.0865204796438541,0.611481637724399,1.5545308790209482,2.0
2022-08-17,-0.22227853160754266,1.0,-0.5187791874143572,1.0,1.0
2022-08-22,0.015718953880227704,0.9747213084484846,-0.16254615453224824,0.802211059837031,2.0
2022-08-23,1.133039177836317,1.0,-0.739559439385112,1.0,1.0
2022-08-24,0.12219433284499209,0.38783836806001304,0.8945874545549896,1.1017166776700738,3.0
2022-08-27,-0.938872411055745,0.5263784117082082,-0.19341331921996763,0.27352773918447504,2.0
2022-08-29,0.3120477331074296,1.3533265512228076,-0.3619371771300263,0.0,2.0
2022-08-31,-0.744820595571358,0.8007288360894989,-0.5097677486292818,0.3111655723162003,2.0
2022-09-02,-2.642859211354492,1.0,-0.5187791874143572,1.0,1.0
2022-09-05,-1.4899922084671924,1.0,-0.6878783400844452,1.0,1.0
2022-09-07,-0.017722481715785304,0.22754317770094884,-0.5458661060079432,0.2601147857319065,2.0
2022-09-09,-0.8419170210898493,1.0,-0.3619371771300263,1.0,1.0
2022-09-10,-0.3036918993923047,0.25154117208386434,0.2539174194041095,0.906148936613019,2.0
2022-09-12,1.1282667055884317,1.0,-0.3619371771300263,1.0,1.0
2022-09-14,0.29089965476526675,1.6020447066767114,0.45143387823114955,1.1502803777334925,2.0
2022-09-19,0.1254306142384014,0.4299922274950567,-0.176641314670645,0.7822774932054896,2.0
2022-09-20,-1.767394678744063,1.0,-0.5455873171994319,1.0,1.0
2022-09-21,-0.4603328762674582,0.5396414727943648,0.39215757463805856,1.0664510252647983,2.0
2022-09-22,-0.40047442228774827,1.3177836900726505,-0.4845564630486376,0.21238283319884965,3.0
2022-09-24,-1.3900950037501987,1.0,-0.38682663843993526,1.0,1.0
2022-09-25,-0.04295412572189961,0.1174899252661507,-0.643932265945701,0.07435933914145125,3.0
2022-09-26,-1.0863319230314201,0.7625524262016103,0.467349921202672,1.6176061881144939,8.0
2022-09-27,-0.16367230655355372,1.0986338350019336,0.2989338259888372,1.3289402916477875,11.0
2022-09-28,-0.9548180826913062,1.354155766145347,-0.5178957932294614,0.14898082742256102,15.0
2022-09-29,0.0023325133629382194,0.799384252464453,0.11832782693036625,0.8918217515556494,30.0
2022-09-30,-0.12885071817803373,0.7115431296734804,-0.09674702184302862,0.7242861779456814,13.0
2022-10-01,0.05208476183305749,1.734081856237033,0.6717386846195519,1.637821148140936,4.0
2022-10-02,0.13625516389714737,0.8516676588530527,0.6941508531314741,1.226250423362535,12.0
2022-10-03,-0.277267387118455,0.5434280222740185,-0.24121199047620592,0.3258995777864139,7.0
2022-10-04,-0.26702376570780434,1.023453198827858,-0.03131231011336511,0.8333208997442909,17.0
2022-10-05,-0.32051630173546475,0.8213466907676564,-0.3172890538258783,0.6617043612463284,20.0
2022-10-06,0.11871489065490738,0.9864905166636566,0.40165144291473276,1.2068157701928985,31.0
2022-10-07,-0.0847102529262443,0.9771965459487184,-0.010109408378507403,0.9795476610049155,30.0
2022-10-08,-0.17854302829645027,1.1559272391269675,0.17756873294158101,1.1673305021506901,13.0
2022-10-09,0.232326646353022,0.9512986754746694,0.24216293791031213,1.3930241463345456,18.0
2022-10-10,0.16879929161126855,1.1167623529910964,-0.24125207918854477,0.6943026532871566,51.0
2022-10-11,-0.037284705106736364,1.2171237483324768,-0.057022491780604825,0.9157321096089632,41.0
2022-10-12,0.07993963709466607,0.8142209095389032,-0.0793035457940558,1.1912598845036186,50.0
2022-10-13,0.2985568385462052,1.2561344668071992,-0.15447036463022407,0.7922069142130956,61.0
2022-10-14,-0.09692075145929449,0.6923830875670818,-0.0375197024976752,0.8227503071612094,28.0
2022-10-15,-0.00018776273527870084,0.9843531193686959,-0.16404886665728036,1.3575797004467283,18.0
2022-10-16,-0.5061246364895483,1.1292568340087519,-0.17839154447748853,0.7219894151901808,19.0
2022-10-17,-0.4262111422124167,0.7078273170453727,0.41915007682201505,1.4525894807254325,30.0
2022-10-18,-0.04276374918896382,1.0944461565780836,0.034882937739306126,0.9492196234238142,57.0
2022-10-19,0.30267464464544563,1.021103349080324,0.10759635520968054,0.9413011654954117,56.0
2022-10-20,0.11197230515921636,0.9319369243103363,0.015913152153497815,1.0591964011200996,93.0
2022-10-21,-0.07124594192217289,1.0794630533999554,-0.12460529780327588,0.7770749795409924,89.0
2022-10-22,-0.10558651743093533,0.7806797950887086,-0.11268949426194712,0.8209241838297969,47.0
2022-10-23,-0.07779868281338431,0.8894892525939967,0.08418200698385354,1.0778792508336879,33.0
2022-10-24,0.06613931231350523,0.8299634831082133,0.03976563875267992,1.1992444703684955,70.0
2022-10-25,-0.015287788942001859,0.9058565827010268,0.11415240642928283,1.07022746912946,68.0
2022-10-26,-0.022694889795452176,0.8986610474391967,-0.26742710988006757,0.6702523238342611,62.0
2022-10-27,0.031188048084207647,0.924420003973901,-0.07956134957254667,0.9047039966689298,96.0
2022-10-28,0.21386632011249862,0.8394186872018325,0.0849009969595526,1.0754800171814674,67.0
2022-10-29,-0.1995042995674042,0.9007862992094899,-0.14756287936137205,0.6646109077951617,49.0
2022-10-30,-0.07633333031968448,1.0776402456043923,-0.2768127365423573,0.575811020322748,27.0
2022-10-31,0.167380821532828,0.9505302570346398,0.06486751718833428,1.042160905807238,61.0
2022-11-01,-0.057634149825855574,0.828697873617274,-0.24400370942067295,0.7349330126468004,55.0
2022-11-02,0.20295806832068836,1.1137171884853205,0.00447861304443515,1.1632894262679276,52.0
2022-11-03,0.05865502206702581,0.935263870404046,0.2290893464231245,1.095877733085497,58.0
2022-11-04,-0.0760996012114414,1.4000935718583876,0.11980909963255379,1.3098198738651206,38.0
2022-11-05,0.059711856510842404,0.8943028503785385,0.3565987452806182,1.279811119387497,38.0
2022-11-06,-0.10599419250995556,0.900206643231169,0.20060794515400515,1.0564994533752385,47.0
2022-11-07,0.30367410627337404,1.2561429788949738,0.19588025710880916,1.268384468042696,65.0
2022-11-08,0.01940712350868798,1.0804187846746105,0.13075715087733483,0.9795147493204508,73.0
2022-11-09,-0.20222588784264833,1.0302829711423185,0.05432790717115772,0.8789112221373906,76.0
2022-11-10,-0.01585108485564151,0.9475409601310517,-0.04917903686086783,0.9078005338558336,72.0
2022-11-11,0.07760159872744651,0.8367096078822865,0.0724118994062855,1.1862936915597193,58.0
2022-11-12,0.15576812122366465,0.9893714078203171,0.34185101637425785,1.4023902939959112,22.0
2022-11-13,-0.19736273558616116,0.9932073066884713,-0.14354023647975214,0.6044545810327063,26.0
2022-11-14,-0.027120512353476733,0.9553335270285759,0.05887377684791994,1.0564637766398604,55.0
2022-11-15,0.11292065473257962,1.0564008650501937,0.047144246136354685,0.9884328200028112,70.0
2022-11-16,-0.13546973183283906,1.1149948884736636,0.23729194140009974,1.1858802276052551,67.0
2022-11-17,0.16382508024158354,1.0092583345850221,-0.06020534545156624,0.7636789545985906,72.0
2022-11-18,0.3555892604310081,1.0261089793608327,-0.03289345074101597,0.9656723131532484,80.0
2022-11-19,-0.39625493712647314,0.7605564093297772,-0.07336429144886325,0.8228745853111851,33.0
2022-11-20,0.2504260296865513,1.090286851803485,0.5054950222601818,1.2983825553427628,27.0
2022-11-21,-0.09143768880384212,1.2024822752811017,0.10848762482344776,1.2883869234071097,34.0
2022-11-22,0.19025715653775263,0.836035315318704,-0.12377710531560532,0.8505142930664954,49.0
2022-11-23,0.18193486445295404,0.9159816174988286,0.16130861409330993,0.9546932445807861,71.0
2022-11-24,0.0008637883271921647,0.9769549785325926,0.25642961841543255,1.083372536939547,81.0
2022-11-25,0.0692592361280373,0.8957126845195212,0.13296858729060562,1.0952610126476245,83.0
2022-11-26,-0.26359276668132586,1.3375149655708802,0.23594144536166556,1.2838258553475408,26.0
2022-11-27,-0.024475726415262147,1.129976660488319,-0.06601275144543865,0.962385048174403,29.0
2022-11-28,-0.07401906494195538,1.2732387753515333,-0.11027905027702956,0.8039238565602116,25.0
2022-11-29,0.08843448146851891,0.9419417117530454,-0.039172380086173006,0.9258898565521624,76.0
2022-11-30,-0.16707599305783316,1.1138405856850428,0.029485638492530098,0.8910387206243706,35.0
2022-12-01,-0.15484991606764653,1.147263971805973,-0.12578315151861288,0.7425416969270224,39.0
2022-12-02,-0.15141084903547117,1.0412116124859554,-0.0004249806707453911,0.9129576093684197,75.0
2022-12-03,-0.582964334540782,1.1204467169531467,0.05595348359489754,1.0114801518033822,37.0
2022-12-04,-0.11838009256152589,0.9649729414232293,0.019797300663097112,0.9598450785558372,46.0
2022-12-05,-0.029839701385726464,0.9146559705354659,-0.1828030148016757,0.7180340737745494,59.0
2022-12-06,-0.21709006625481092,0.813909432039622,-0.08660306604395282,1.1260526384242053,46.0
2022-12-07,-0.029987921753975817,0.9212411884377483,-0.08506158986838377,0.8546203965464793,51.0
2022-12-08,0.10321394994442153,1.0770245310799766,-0.09078929198131992,0.7168981960908288,37.0
2022-12-09,-0.0264727834988355,1.221962911075823,0.10365032716901788,1.1704229061962326,46.0
2022-12-10,0.09216153252697586,1.0334803274956996,0.009581378476516949,0.8961659638402011,18.0
2022-12-11,0.031278612217957885,1.0172289832707166,0.09576986340762686,0.9015233630725689,39.0
2022-12-12,-0.058909541482282196,1.0911973731525364,0.20340851746353217,1.2671753426584176,45.0
2022-12-13,0.019409668561575902,0.8395828270503816,-0.08159446638070332,0.8268088361209474,124.0
2022-12-14,-0.15839721914761795,1.1186776207163034,0.02129829030035827,0.9924014658216053,62.0
2022-12-15,0.24921864186941856,1.0304459508023402,-0.04402270994122741,0.8962892963757106,59.0
2022-12-16,-0.021839952202395138,0.9548144223770099,0.4576488193110699,1.4083458387721999,47.0
2022-12-17,0.20489471681743843,1.2537925606091767,0.024650817976306527,1.0304807705057335,36.0
2022-12-18,-0.051126600949266326,1.1096988094530265,-0.0028245107971272606,0.849475936240448,32.0
2022-12-19,-0.0813954529050145,1.2843223814361158,-0.027473583558491405,1.1745687696079425,72.0
2022-12-20,0.08642931691528134,0.9494281117520693,0.14897412984580938,0.9886737565228402,43.0
2022-12-21,0.17168373176220247,0.6814313251265012,0.06418116479900719,1.0184172458390488,46.0
2022-12-22,0.06382321659208236,0.9858413944277296,0.13886415993411003,1.3799924890555109,28.0
2022-12-23,0.13252330254774844,0.7370928336157677,-0.19346150877723212,0.6555851370893153,46.0
2022-12-24,0.11229521129510377,1.083409933636252,-0.026119321647293012,0.8792323647406529,43.0
2022-12-25,0.5728561774615604,0.904059820503601,0.38946116459854985,1.4973267832753756,8.0
2022-12-26,0.2073879281781384,0.47672591542275916,-0.124361382852466,0.8449293642815131,14.0
2022-12-27,-0.3446410532599833,1.0462710477838166,0.12678576651675616,1.4269487252012953,41.0
2022-12-28,-0.45409639660915585,1.475703963660635,-0.10528347399174218,0.9429006615906418,25.0
2022-12-29,0.14625718943705684,1.1094249086571042,0.32490888271795176,1.2509083410691746,46.0
2022-12-30,0.23994347621611972,1.1187116949036455,0.08290866198839736,0.9696099616415982,49.0
2022-12-31,0.28390506956549244,1.1425134865902768,0.13743097873068827,1.0269014243171906,36.0
2023-01-01,-0.01597321591718836,0.5552932388387835,-0.12492892127496623,0.7086665014877394,14.0
2023-01-02,-0.08557274424973678,0.7806400053409708,0.33826653212925195,1.4961391274722013,23.0
2023-01-03,-0.07479507809349402,1.0070653570874102,0.601427083542616,1.7316277450341442,18.0
2023-01-04,0.0013642265859953827,0.805234115740545,0.09808640872791737,0.9679122410942139,24.0
2023-01-05,0.02505966729326253,0.9610626444104233,-0.12959276490256588,0.689983027740927,32.0
2023-01-06,-0.1131591536594408,0.8565675362748562,-0.002946724329598439,0.8868399085719554,34.0
2023-01-07,-0.019992694566717612,1.1150926827918315,-0.20545144078413663,0.7320866474781722,14.0
2023-01-08,0.09152883459150732,0.9424500150847547,0.07553234847550196,1.0897625141184821,35.0
2023-01-09,-0.04084412685343909,0.8201836804618327,0.0794105992131939,0.8826369633877511,31.0
2023-01-10,0.29656146159604124,1.015534495879796,-0.26789388659244434,0.6800825755129919,52.0
2023-01-11,-0.06222645391381798,1.1072646076095483,0.14785486053514174,1.1677484262727764,38.0
2023-01-12,0.14377740154056923,1.1009419383594468,-0.19395449528457004,0.56869393220727,38.0
2023-01-13,0.10272231778493608,0.6373180772867039,0.41360218421640416,1.8364997982930968,44.0
2023-01-14,0.07281001002054059,0.710474058784943,0.12906748384116773,1.0416107814345177,16.0
2023-01-15,-0.2691241980025582,0.7294793787020389,0.6165073138906337,1.5307763016488274,12.0
2023-01-16,0.13093040705256914,0.9145407537546071,-0.03191563568436872,0.8341448807751483,52.0
2023-01-17,0.19532544249787043,0.8701896696394139,-0.06081454484967843,0.901508295535221,48.0
2023-01-18,-0.014762718242767866,0.8864795528383109,-0.1809628411906116,0.68827578095538,78.0
2023-01-19,0.05834938618205386,0.9955074786991212,0.11857779071506543,1.1004362953354887,42.0
2023-01-20,0.04401873318733709,0.9951861622408196,-0.08892112121923619,0.8315024180748617,95.0
2023-01-21,-0.21912466895359617,0.6568961017603606,0.11662159269407135,1.0341348404306197,21.0
2023-01-22,0.08557199735062324,1.0120668949671434,0.09740956709546489,0.8178823690304484,14.0
2023-01-23,0.035781336089093216,0.8980586286745499,-0.11032369440224715,0.9019785665574107,36.0
2023-01-24,0.17552833114176844,0.8978012040212111,-0.15456843013910088,0.692189559168267,51.0
2023-01-25,-0.26608673349941614,1.1679220724349602,0.13542802818898933,1.2105246409235884,39.0
2023-01-26,0.017579573100119893,1.1783584176927142,-0.03234233230941321,1.0421017328118347,40.0
2023-01-27,-0.10794027471214677,1.1532534689129526,0.3930549781321427,1.0883590411936956,41.0
2023-01-28,0.2831081822617304,0.938350795986535,0.07663890211171216,0.9900906760587745,40.0
2023-01-29,0.02861743146513218,1.1513627741249122,-0.21948697439258325,0.6266454800130563,43.0
2023-01-30,-0.34346762207997705,1.1660500206660833,-0.32313260270888383,0.5732059284014503,19.0
2023-01-31,0.27287075167817887,0.8649118825826261,0.2336921762076345,1.520241401815653,78.0
2023-02-01,-0.1551940137551903,1.0418764245525451,0.2643132628805609,1.3231649235085976,67.0
2023-02-02,-0.21580568113362467,1.2388171731902298,-0.300948261783441,0.4862268860807396,52.0
2023-02-03,0.6129719736860391,0.9916649586261719,-0.40398046113907105,0.5043293818287319,11.0
2023-02-04,0.14956260260844015,1.1670863455773006,-0.20745169857833462,0.7406624067750375,49.0
2023-02-05,-0.07151430711074169,1.0361806375418232,-0.2210023802596998,0.6485293384302403,49.0
2023-02-06,-0.41661818280895224,1.2205210954968102,-0.16629122435810567,0.9595494371976183,20.0
2023-02-07,0.11323514635606789,0.900551690259067,-0.1457560273350965,0.6626027365824143,22.0
2023-02-08,0.07892833014677139,0.7985215452805441,-0.2668396337995958,0.6162288202605363,52.0
2023-02-09,0.15419919241516128,0.7972660843210844,0.030333294653598186,1.1800390170714667,39.0
2023-02-10,0.17822482409218496,0.8824304097965538,0.00826944057820104,0.8331560105478318,45.0
2023-02-11,-0.3495088558083047,0.8363254780858199,-0.33548406164650646,0.4192536159863574,22.0
2023-02-12,-0.0490911986813763,0.5839221969813418,0.07508384072786162,0.8100472569303974,15.0
2023-02-13,-0.2026570103731585,0.9424568249882771,0.030285841772084092,0.9762575954111179,32.0
2023-02-14,0.0723221832241543,0.8335227528960578,0.03118141268161177,0.9528617405137508,43.0
2023-02-15,0.007755572239883491,0.7447143448512609,-0.27030024252345825,0.5366353722361177,47.0
2023-02-16,-0.13127393602090567,0.9518174090092388,-0.19341306144804934,0.7238996561891374,62.0
2023-02-17,0.009467583830235802,1.0254931564941996,-0.003651567047644034,0.842014779118014,68.0
2023-02-18,-0.29312834517682224,0.9452765735324175,0.0178576782275544,1.0607428539119106,44.0
2023-02-19,-0.02660388517318038,1.0771176994226308,0.08638244578004882,0.9755120147037146,58.0
2023-02-20,-0.07654907982912504,0.7672135711867512,-0.015359049939016649,0.9803046687141868,41.0
2023-02-21,-0.23314998644317295,1.1572789368865437,0.0835393488927666,1.0384891086962054,54.0
2023-02-22,0.07432675062611471,1.0274713554738506,0.18918178682959688,1.0925508414577823,49.0
2023-02-23,-0.2608762932193064,0.9998996188983427,0.013340243287974635,0.9331801992821399,28.0
2023-02-24,-0.10688372915110081,0.9557054983094914,-0.034927321269424945,1.0975418862487862,69.0
2023-02-25,-0.0013731512728425556,0.8330134642480884,-0.011488593363089555,1.197124487257293,45.0
2023-02-26,0.23173809415102356,0.9980578134712158,-0.17346729823552742,0.7423139241415956,26.0
2023-02-27,0.08935300663956766,1.1025687118423313,-0.013351509432445695,1.002728198433595,28.0
2023-02-28,-0.02477776551648894,0.7564057688498808,0.14524723654507396,0.9174998152289475,29.0
2023-03-01,-0.11873365001348032,1.0016577136659592,-0.1656503618616788,0.8245244285517056,52.0
2023-03-02,0.06596033374363564,0.9497953397488144,-0.1161166869403211,0.8482768860695177,86.0
2023-03-03,0.08000364949068109,1.1173017452106646,0.1814497807560904,1.009483784979326,51.0
2023-03-04,-0.09862375483364512,0.9370781863963038,-0.07612590361434478,0.7778325658635806,48.0
2023-03-05,-0.23182562478997717,1.2312379707721797,-0.20873278808581788,0.6377479771480369,15.0
2023-03-06,-0.038560499238952696,0.7027442481501696,-0.01403198446871075,0.7056078119005915,45.0
2023-03-07,-0.24409725557983653,1.2709643109868884,-0.06477092986694201,0.659832292905255,31.0
2023-03-08,-0.27266576511240587,0.8743967478983694,0.24577232892905884,1.0865255874295636,15.0
2023-03-09,0.45103374824776216,0.9946235216022602,-0.03665673911735681,0.8780561372608116,42.0
2023-03-10,-0.07187480382608423,1.1326519469703074,0.5259561934739099,1.444883857021752,32.0
2023-03-11,-0.1549599322828313,0.4515369090736986,0.3967096855435231,1.2331650332501995,12.0
2023-03-12,-0.16303605532322227,0.9616888950583141,-0.03246981019571286,0.9278361833087656,24.0
2023-03-13,0.16417275574062573,1.0246082680669366,-0.12315727973505747,0.7722483345378613,63.0
2023-03-14,-0.1451247901139096,1.064712064661853,-0.10363991669685536,0.8534879057389886,24.0
2023-03-15,0.10248768915201933,1.2052466917320617,0.2476818713360807,1.232070536888745,25.0
2023-03-16,0.4758873405852166,0.9197338758945769,-0.1752118751466725,0.8068186111367288,44.0
2023-03-17,-0.013696715470451011,0.8755892235915194,-0.16715126288657647,1.0231286994442879,58.0
2023-03-18,0.1461145709463361,1.201474969481268,-0.28288391330028717,0.5480908494078979,44.0
2023-03-19,0.27526883293945986,0.5922380622731158,-0.214091778426274,0.3892794822571282,15.0
2023-03-20,-0.005128366961512116,0.8427709929613655,-0.10388982740208126,0.8642688052847011,43.0
2023-03-21,0.15287874050089595,1.1878546776578371,-0.3067365313613369,0.6017301983865787,80.0
2023-03-22,0.07205746465092722,0.8715725424069739,0.40994976726592336,1.6574101466900302,34.0
2023-03-23,0.29943976247671744,1.0504469624418011,0.40274392951011867,1.7921982395737897,25.0
2023-03-24,-0.4100596410179486,1.3701393796280055,-0.12187308842213351,0.647821025393798,21.0
2023-03-25,-0.16048283406585087,0.7960626876724205,0.31406918663019084,1.084666580436951,24.0
2023-03-26,0.08029364008561932,0.9672900016595902,-0.19817685032884205,0.6849962717551554,35.0
2023-03-27,-0.13223457918784992,1.025965534611793,0.0067528703160555145,1.0730568629062347,47.0
2023-03-28,0.02068556803163747,0.964589333727682,0.00589750447238974,0.9773086039508299,46.0
2023-03-29,-0.24500918541198805,1.2941170314314527,-0.11904406361425256,0.7875493586687413,21.0
2023-03-30,0.00885427215897465,1.1117620368799832,-0.15368198051171308,0.7372828101371038,70.0
2023-03-31,-0.23914568472258785,0.8272415932778476,-0.043590299320740884,1.0380559163075527,58.0
2023-04-01,-0.11174523003798803,0.6492179883994512,0.20588570312617788,1.5744876055406638,22.0
2023-04-02,-0.34316494885277105,1.1839123166343664,-0.076221914940479,1.004067417269805,18.0
2023-04-03,-0.10050529803040344,1.0432876565961997,0.05769313874331048,0.783638231612353,29.0
2023-04-04,0.047503799136565515,0.7971381011877849,-0.08844244252488058,0.9939734835711429,57.0
2023-04-05,0.14383408004209855,0.662842895296921,-0.05727945336733146,0.8482758965169965,33.0
2023-04-06,-0.31688856326124853,1.141206922767504,-0.29912140699488704,0.4863145098014996,29.0
2023-04-07,0.11259038780869345,1.159332098060094,-0.13794408939434252,0.9283016936544729,51.0
2023-04-08,-0.14033916736936516,1.0886499138713233,-0.16370318194243044,0.5211870516071546,21.0
2023-04-09,0.14373691496903263,0.5897993607802516,0.10137141418626064,1.2908504576840656,35.0
2023-04-10,0.09286479423589199,1.26698165788786,1.0667440256659668,2.7786944213093117,16.0
2023-04-11,-0.05451075875087303,0.9719303845467283,0.3077388727481857,1.348045651857347,62.0
2023-04-12,-0.10142588549213027,0.7053189492601153,0.09031914711784887,0.999374493643525,42.0
2023-04-13,-0.11257784260598062,0.7131974141012845,-0.2623538245622055,0.5682706885193545,30.0
2023-04-14,0.46397456788384034,1.069158806497215,0.5268197634019829,1.7717532081511296,33.0
2023-04-15,0.7570031150519291,1.1459872814380598,-0.15531422164704725,0.790576683202755,15.0
2023-04-16,0.01767005988285881,1.0538001472039005,0.2172238459155166,1.101082788657465,42.0
2023-04-17,-0.1888348785231799,1.1292951413539916,0.04277019319680568,1.0991163758158833,40.0
2023-04-18,-0.32678006525184594,0.9121135696156437,-0.012069929574173719,1.0864094325927762,45.0
2023-04-19,0.04699713418660181,0.7634822324737751,0.04337395358633772,1.058153361231348,19.0
2023-04-20,-0.09011992626603353,0.9429373710464853,-0.18008918839751856,0.7451709572377568,27.0
2023-04-21,-0.02665950588884368,1.0132476565947155,0.005081470762684924,0.8380043388901749,46.0
2023-04-22,-0.06795915313841214,0.8951903768212575,-0.2102763486837571,0.6370442029358248,37.0
2023-04-23,-0.34660830771329165,1.0659073884894352,0.11149083945322835,1.1165108003768154,33.0
2023-04-24,-0.06870593196251783,1.0435958938577319,0.2197937280015608,1.2641659595952728,39.0
2023-04-25,-0.4872527907948271,1.037828202069018,0.23707875356884855,1.3409688580575059,33.0
2023-04-26,0.13129837063940744,0.8457679177816494,-0.01495297297315078,1.0476620016407134,33.0
2023-04-27,0.1454609883173424,1.0618897231769302,0.06908518947167322,0.9906239497597753,47.0
2023-04-28,0.06956268221320375,0.8728709509110721,-0.07812368634883035,0.8897519803722507,43.0
2023-04-29,0.17770382973284204,0.6995239429383635,-0.20290024188464884,0.6877990408046105,11.0
2023-04-30,-0.4438967923348189,0.9088310321053589,-0.30662260964085325,0.6278510294610316,22.0
2023-05-01,0.09006417716681188,0.6528963537294528,-0.05419575252384739,0.9523818908468297,63.0
2023-05-02,0.038614205036224,0.9685147953680574,0.37518731118892584,1.2269892345829092,30.0
2023-05-03,-0.0030140532494569434,0.9648678920589702,-0.08667764658473599,1.0197952693606984,23.0
2023-05-04,0.18467304102297452,0.8883979630095552,-0.00966943142805898,1.2447649273916805,48.0
2023-05-05,0.07231128376487082,0.9631735258830711,-0.1303489914020098,0.6533075873660147,71.0
2023-05-06,0.13110712512970565,0.6358584940603705,0.36748493063688226,1.965333524707908,7.0
2023-05-07,-0.03743904298286578,0.5879671965179972,0.27038967961209237,1.1802205275867845,13.0
2023-05-08,-0.023195700004569074,0.5943418498459496,0.002615835428893257,0.9478535400679805,27.0
2023-05-09,-0.10888264049631383,1.2992841835721953,-0.23000906168184732,0.6542273394224318,53.0
2023-05-10,0.29614927142435077,0.9880897526964344,-0.12543754054810025,0.756627492330095,38.0
2023-05-11,0.021805202424951972,1.2595890122984872,-0.1379390290467348,0.6951786184796556,16.0
2023-05-12,-0.30634882967324256,1.0195203209404595,-0.11036752944244663,0.9698607967096029,61.0
2023-05-13,-0.2190943027108359,1.0195729787275152,-0.04545237226778212,0.8308505879389476,15.0
2023-05-14,-0.07977775533243946,1.0240858954069614,0.06729474784785494,0.9176438508623446,35.0
2023-05-15,-0.22307913859834672,0.9899964640815048,-0.34231566512011086,0.2789610721016495,47.0
2023-05-16,0.03858791421155941,0.859107240373873,0.30371194958472747,1.3803448069179425,48.0
2023-05-17,-0.28924453767568903,1.1757751204675033,0.22769444976065256,0.8689562178290359,29.0
2023-05-18,0.12837491305974316,0.910775883204051,-0.09689143394590284,0.7600863542491283,58.0
2023-05-19,-0.047891743018354235,0.7087932758607433,-0.06682755467539407,0.9070849508042123,32.0
2023-05-20,-0.28535281106721344,1.1186128433524525,-0.2565574427214822,0.4916545647158146,19.0
2023-05-21,0.5300997695810827,0.9887691717690258,-0.02604607179809249,0.8592632820455931,13.0
2023-05-22,0.07303770594072188,1.1008358000155336,-0.06541578921488833,0.8402495678540742,27.0
2023-05-23,0.0003775817518538588,0.8101557441699736,0.030276737935618952,1.0937387546812094,24.0
2023-05-24,-0.24686454767151994,0.9706842175484548,0.04626664772754713,0.6425688925654778,8.0
2023-05-25,-0.012433873947743411,0.7502547304053726,-0.05042509906756918,1.0794513209851688,22.0
2023-05-26,0.03206159900334176,1.4267417048952598,-0.14562014845435048,0.8303292577376473,19.0
2023-05-27,-0.290856478080233,0.7686099410867717,-0.3559031438869264,0.3359673634588639,43.0
2023-05-28,0.2154981832560563,1.2562841848143809,-0.3700812689906067,0.09465140325540354,6.0
2023-05-29,-0.05682164146452675,0.6915142723835032,-0.03338015508295186,1.0649641232381803,24.0
2023-05-30,-0.08750339053095153,0.9461551302157487,-0.0552992362091688,1.1642252444856198,24.0
2023-05-31,0.19679875852208492,1.1485327447252016,0.1695391768490563,1.2077441582934558,15.0
2023-06-01,-0.05313308279289062,1.0687965052688213,-0.361706924452802,0.4300924890356521,33.0
2023-06-02,-0.07344794365661235,1.0031847923263186,-0.1099083003859692,0.7274235048001386,27.0
